ID,gender,friend1,friend2,selfest1,selfest2,selfest3,lifesat1,lifesat2,lifesat3,friend_m,selfest_m,lifesat_m
1,1,1,1,2,2,2,3,2,2,1,2,2.333333
2,2,3,2,3,3,3,4,3,3,2.5,3,3.333333
3,1,4,4,3,3,4,4,4,4,4,3.333333,4
4,2,4,4,4,4,4,4,2,4,4,4,3.333333
5,1,3,3,4,3,4,4,4,4,3,3.666667,4
6,1,3,3,4,3,3,4,3,4,3,3.333333,3.666667
7,2,4,4,3,3,2,3,1,2,4,2.666667,2
8,1,2,2,4,3,3,3,3,3,2,3.333333,3
9,2,3,4,3,3,3,4,3,4,3.5,3,3.666667
10,1,3,3,3,3,3,4,2,3,3,3,3
11,2,3,3,3,3,3,3,2,3,3,3,2.666667
12,2,4,4,4,4,3,3,2,3,4,3.666667,2.666667
13,2,3,2,2,2,2,2,2,2,2.5,2,2
14,1,3,3,3,3,4,4,4,4,3,3.333333,4
15,1,2,2,2,3,2,3,3,4,2,2.333333,3.333333
16,2,3,3,4,3,4,3,2,3,3,3.666667,2.666667
17,1,3,3,4,4,4,4,3,4,3,4,3.666667
18,1,4,3,4,4,4,4,4,4,3.5,4,4
19,2,3,3,2,2,2,1,1,2,3,2,1.333333
20,2,3,3,3,2,2,3,2,2,3,2.333333,2.333333
21,1,4,4,4,4,4,4,3,4,4,4,3.666667
22,2,3,3,3,3,3,3,2,3,3,3,2.666667
23,2,4,4,4,4,4,3,2,4,4,4,3
24,2,4,4,4,4,4,4,4,4,4,4,4
25,1,4,4,4,3,4,4,2,4,4,3.666667,3.333333
26,2,4,4,4,4,4,4,4,4,4,4,4
27,1,3,4,3,3,3,4,3,4,3.5,3,3.666667
28,1,3,2,4,3,3,4,4,4,2.5,3.333333,4
29,1,4,4,4,4,4,4,4,4,4,4,4
30,2,3,4,3,3,2,3,2,3,3.5,2.666667,2.666667
31,1,4,4,4,4,4,4,4,4,4,4,4
32,2,2,3,2,2,2,3,2,3,2.5,2,2.666667
33,1,4,4,4,4,4,4,4,4,4,4,4
34,2,4,4,4,3,3,3,3,3,4,3.333333,3
35,1,4,4,4,4,3,3,3,3,4,3.666667,3
36,2,3,3,3,3,3,3,2,3,3,3,2.666667
37,1,3,3,4,3,3,2,2,3,3,3.333333,2.333333
38,1,3,4,3,3,3,3,3,2,3.5,3,2.666667
39,1,3,2,3,3,3,3,3,3,2.5,3,3
40,1,3,3,2,2,3,3,3,3,3,2.333333,3
41,2,3,1,3,3,3,3,2,3,2,3,2.666667
42,2,3,2,2,2,2,2,2,2,2.5,2,2
43,1,4,4,4,3,4,4,4,4,4,3.666667,4
44,2,3,3,4,3,4,4,4,4,3,3.666667,4
45,1,3,3,3,3,3,3,3,3,3,3,3
46,1,2,3,2,1,2,2,2,2,2.5,1.666667,2
47,1,3,2,2,1,2,3,2,2,2.5,1.666667,2.333333
48,1,4,4,4,3,4,4,4,4,4,3.666667,4
49,1,4,4,4,4,4,4,2,4,4,4,3.333333
50,1,2,1,3,2,3,3,2,3,1.5,2.666667,2.666667
51,2,3,2,3,3,3,3,3,3,2.5,3,3
52,1,2,2,2,2,4,3,2,3,2,2.666667,2.666667
53,2,3,3,3,3,3,3,3,3,3,3,3
54,2,4,4,3,3,3,3,3,3,4,3,3
55,1,3,3,3,3,3,4,4,4,3,3,4
56,2,2,2,2,2,3,2,1,3,2,2.333333,2
57,1,3,4,4,3,4,4,2,4,3.5,3.666667,3.333333
58,1,2,2,4,2,3,3,3,3,2,3,3
59,1,2,1,2,2,2,2,1,3,1.5,2,2
60,2,3,4,4,2,3,3,3,2,3.5,3,2.666667
61,2,3,4,3,2,4,4,3,4,3.5,3,3.666667
62,2,3,3,3,2,3,3,3,4,3,2.666667,3.333333
63,2,2,3,3,3,3,2,2,3,2.5,3,2.333333
64,2,3,3,2,2,2,3,2,2,3,2,2.333333
65,2,3,2,2,1,2,2,2,2,2.5,1.666667,2
66,1,3,3,3,3,3,3,3,3,3,3,3
67,2,3,3,2,2,3,3,2,2,3,2.333333,2.333333
68,1,2,2,2,3,2,3,2,3,2,2.333333,2.666667
69,2,3,3,3,2,3,4,2,3,3,2.666667,3
70,1,3,3,2,2,3,3,2,3,3,2.333333,2.666667
71,2,3,3,3,3,3,4,4,4,3,3,4
72,2,3,2,2,2,2,2,2,2,2.5,2,2
73,1,3,3,3,3,3,4,2,3,3,3,3
74,2,3,3,3,4,3,3,2,3,3,3.333333,2.666667
75,1,2,3,1,1,1,1,1,1,2.5,1,1
76,2,3,3,4,4,3,4,4,3,3,3.666667,3.666667
77,2,3,3,3,3,3,3,2,2,3,3,2.333333
78,2,3,3,3,2,3,2,2,2,3,2.666667,2
79,1,3,3,3,3,3,3,3,3,3,3,3
80,2,3,2,2,3,3,4,2,3,2.5,2.666667,3
81,1,3,3,2,2,3,3,2,3,3,2.333333,2.666667
82,2,3,1,4,3,4,4,2,4,2,3.666667,3.333333
83,1,4,3,3,3,3,3,2,3,3.5,3,2.666667
84,2,2,3,3,2,3,3,3,3,2.5,2.666667,3
85,2,3,3,3,3,3,4,3,4,3,3,3.666667
86,2,4,4,4,3,3,4,4,4,4,3.333333,4
87,1,3,2,4,4,3,4,2,3,2.5,3.666667,3
88,2,3,4,4,3,3,4,3,4,3.5,3.333333,3.666667
89,1,3,3,3,2,3,3,4,3,3,2.666667,3.333333
90,1,4,4,4,4,4,4,4,4,4,4,4
91,1,4,4,3,4,4,4,4,4,4,3.666667,4
92,2,4,4,4,3,3,4,4,4,4,3.333333,4
93,1,2,2,3,4,3,3,3,4,2,3.333333,3.333333
94,1,3,1,4,4,4,4,2,4,2,4,3.333333
95,1,3,3,4,4,3,3,4,4,3,3.666667,3.666667
96,2,3,3,2,3,3,3,2,3,3,2.666667,2.666667
97,2,4,3,4,3,3,3,3,4,3.5,3.333333,3.333333
98,2,3,4,3,3,3,3,2,3,3.5,3,2.666667
99,1,3,3,2,2,4,3,4,3,3,2.666667,3.333333
100,2,3,3,2,2,2,2,1,1,3,2,1.333333
101,2,3,3,3,2,2,2,2,3,3,2.333333,2.333333
102,1,3,3,3,3,3,3,3,3,3,3,3
103,2,3,4,3,4,3,3,2,3,3.5,3.333333,2.666667
104,2,4,4,3,3,3,3,2,3,4,3,2.666667
105,1,3,4,4,4,3,3,3,3,3.5,3.666667,3
106,2,4,4,3,3,3,3,2,3,4,3,2.666667
107,1,3,4,2,3,3,2,3,3,3.5,2.666667,2.666667
108,1,4,4,4,4,4,4,4,4,4,4,4
109,1,3,3,3,3,3,3,2,3,3,3,2.666667
110,2,3,3,3,3,3,3,2,3,3,3,2.666667
111,2,4,3,4,4,4,4,3,4,3.5,4,3.666667
112,2,3,4,4,3,4,4,2,3,3.5,3.666667,3
113,2,3,4,2,2,2,2,1,1,3.5,2,1.333333
114,1,2,2,2,2,2,2,1,2,2,2,1.666667
115,2,3,3,3,2,3,3,2,3,3,2.666667,2.666667
116,2,3,1,3,3,3,3,2,3,2,3,2.666667
117,2,3,3,3,2,2,3,3,3,3,2.333333,3
118,2,3,4,3,3,3,3,2,3,3.5,3,2.666667
119,2,4,3,4,4,4,4,4,4,3.5,4,4
120,2,3,3,3,2,2,3,2,3,3,2.333333,2.666667
121,2,3,3,1,2,2,3,2,2,3,1.666667,2.333333
122,2,3,3,2,2,3,3,2,3,3,2.333333,2.666667
123,2,3,3,4,3,4,3,3,3,3,3.666667,3
124,2,3,3,1,2,2,1,2,2,3,1.666667,1.666667
125,2,3,2,1,2,2,3,2,3,2.5,1.666667,2.666667
126,2,3,3,3,2,2,2,2,2,3,2.333333,2
127,2,3,3,3,3,3,3,3,3,3,3,3
128,2,4,3,3,4,4,4,3,4,3.5,3.666667,3.666667
129,2,3,3,4,3,3,3,4,4,3,3.333333,3.666667
130,2,4,3,3,3,4,3,1,2,3.5,3.333333,2
131,2,4,4,2,2,2,3,2,2,4,2,2.333333
132,2,3,3,2,2,3,3,2,3,3,2.333333,2.666667
133,2,4,4,4,4,4,4,4,4,4,4,4
134,2,3,3,2,2,3,3,2,3,3,2.333333,2.666667
135,2,4,4,4,4,4,4,4,4,4,4,4
136,2,3,3,3,2,2,3,3,3,3,2.333333,3
137,2,3,3,3,3,3,3,3,3,3,3,3
138,2,3,4,2,2,3,2,2,2,3.5,2.333333,2
139,2,4,3,2,3,2,2,2,2,3.5,2.333333,2
140,2,3,2,2,2,3,3,2,2,2.5,2.333333,2.333333
141,2,3,2,4,2,3,4,3,3,2.5,3,3.333333
142,2,3,3,2,2,3,3,1,2,3,2.333333,2
143,2,3,2,4,4,3,4,4,4,2.5,3.666667,4
144,2,3,3,4,3,4,4,3,4,3,3.666667,3.666667
145,2,3,1,3,2,3,3,1,3,2,2.666667,2.333333
146,2,4,4,3,2,3,3,3,2,4,2.666667,2.666667
147,2,3,3,3,3,3,3,3,3,3,3,3
148,2,3,3,3,3,3,4,3,4,3,3,3.666667
149,1,3,3,3,3,3,4,4,3,3,3,3.666667
150,2,3,3,2,2,3,2,3,2,3,2.333333,2.333333
151,2,3,4,4,3,4,4,4,4,3.5,3.666667,4
152,2,3,2,2,2,3,2,2,3,2.5,2.333333,2.333333
153,1,4,4,2,3,4,4,4,4,4,3,4
154,1,3,1,4,4,3,4,4,4,2,3.666667,4
155,1,3,3,3,2,4,2,1,2,3,3,1.666667
156,2,3,3,3,3,3,3,2,3,3,3,2.666667
157,2,3,3,3,2,3,3,2,3,3,2.666667,2.666667
158,1,3,2,3,3,3,4,4,4,2.5,3,4
159,2,3,2,1,3,3,2,2,2,2.5,2.333333,2
160,2,3,2,1,2,2,1,2,1,2.5,1.666667,1.333333
161,2,4,3,4,2,3,4,2,3,3.5,3,3
162,2,3,3,2,2,3,3,2,3,3,2.333333,2.666667
163,2,4,4,3,3,3,3,3,4,4,3,3.333333
164,1,3,4,4,3,4,4,4,4,3.5,3.666667,4
165,1,4,4,4,4,4,4,1,4,4,4,3
166,1,3,2,2,2,2,3,3,3,2.5,2,3
167,1,3,3,3,2,3,3,2,3,3,2.666667,2.666667
168,2,4,4,3,3,4,4,3,4,4,3.333333,3.666667
169,2,4,4,2,2,2,2,2,2,4,2,2
170,1,3,2,4,2,4,4,3,4,2.5,3.333333,3.666667
171,2,3,2,4,4,3,2,2,3,2.5,3.666667,2.333333
172,2,3,3,3,3,3,3,2,3,3,3,2.666667
173,1,3,3,3,3,4,4,4,4,3,3.333333,4
174,1,4,3,2,3,3,3,2,3,3.5,2.666667,2.666667
175,1,3,3,2,2,3,3,2,2,3,2.333333,2.333333
176,2,4,4,3,3,3,2,2,3,4,3,2.333333
177,1,4,4,3,3,3,4,4,4,4,3,4
178,1,3,3,4,3,3,3,3,3,3,3.333333,3
179,1,3,3,3,2,3,3,2,3,3,2.666667,2.666667
180,1,3,4,4,3,3,4,4,4,3.5,3.333333,4
181,2,4,4,3,2,4,3,4,4,4,3,3.666667
182,2,4,4,4,3,4,4,4,4,4,3.666667,4
183,2,2,2,3,3,3,3,2,3,2,3,2.666667
184,2,3,3,1,2,2,2,2,1,3,1.666667,1.666667
185,2,4,4,2,3,3,3,1,3,4,2.666667,2.333333
186,1,4,3,4,4,4,4,3,4,3.5,4,3.666667
187,1,3,3,2,2,3,3,1,3,3,2.333333,2.333333
188,1,3,3,2,3,3,3,4,4,3,2.666667,3.666667
189,2,3,3,2,3,3,3,2,3,3,2.666667,2.666667
190,1,3,3,3,3,3,3,3,3,3,3,3
191,2,4,4,4,3,4,4,4,4,4,3.666667,4
192,2,4,4,4,4,4,4,3,4,4,4,3.666667
193,1,3,3,3,3,4,4,3,4,3,3.333333,3.666667
194,1,3,2,3,3,3,3,3,4,2.5,3,3.333333
195,1,3,3,3,3,3,3,1,3,3,3,2.333333
196,2,4,4,4,4,4,4,3,4,4,4,3.666667
197,1,3,3,4,3,4,4,4,4,3,3.666667,4
198,2,3,3,2,2,2,3,2,2,3,2,2.333333
199,2,4,3,4,4,4,4,4,3,3.5,4,3.666667
200,1,4,4,4,4,4,4,4,4,4,4,4
201,1,3,3,3,3,3,3,3,3,3,3,3
202,1,4,4,4,3,4,3,2,4,4,3.666667,3
203,1,3,3,3,3,3,4,4,4,3,3,4
204,1,3,3,3,3,3,3,3,3,3,3,3
205,1,3,3,4,4,4,4,4,4,3,4,4
206,2,3,3,2,2,1,2,2,3,3,1.666667,2.333333
207,2,3,3,3,2,3,2,2,3,3,2.666667,2.333333
208,1,3,3,3,3,3,3,3,3,3,3,3
209,2,3,3,3,2,2,2,2,2,3,2.333333,2
210,1,3,4,4,3,3,3,3,3,3.5,3.333333,3
211,2,3,2,3,3,3,3,2,3,2.5,3,2.666667
212,1,3,3,3,2,3,3,3,3,3,2.666667,3
213,2,3,3,3,2,2,2,1,3,3,2.333333,2
214,2,3,1,2,1,2,2,1,2,2,1.666667,1.666667
215,2,3,3,3,2,3,3,3,3,3,2.666667,3
216,1,2,2,2,2,2,3,1,3,2,2,2.333333
217,1,3,3,4,3,4,4,4,4,3,3.666667,4
218,1,3,3,2,2,3,3,3,3,3,2.333333,3
219,2,3,3,3,3,3,3,2,3,3,3,2.666667
220,1,3,2,4,3,2,3,3,3,2.5,3,3
221,2,4,4,4,4,4,4,3,4,4,4,3.666667
222,2,3,3,3,2,2,2,2,1,3,2.333333,1.666667
223,2,3,2,1,2,1,2,1,2,2.5,1.333333,1.666667
224,1,3,2,4,2,3,3,1,3,2.5,3,2.333333
225,1,4,2,4,3,4,4,3,4,3,3.666667,3.666667
226,1,4,4,3,2,2,3,2,3,4,2.333333,2.666667
227,1,3,3,3,3,3,3,2,3,3,3,2.666667
228,1,3,3,3,4,4,3,2,3,3,3.666667,2.666667
229,1,3,3,3,3,2,4,3,4,3,2.666667,3.666667
230,1,3,2,3,2,3,2,2,2,2.5,2.666667,2
231,1,3,3,4,3,3,4,4,4,3,3.333333,4
232,1,3,3,4,3,3,4,2,4,3,3.333333,3.333333
233,1,4,4,3,3,3,3,3,3,4,3,3
234,1,4,3,4,3,3,4,3,4,3.5,3.333333,3.666667
235,1,3,3,2,3,3,2,1,3,3,2.666667,2
236,1,3,3,2,2,2,3,2,2,3,2,2.333333
237,1,3,3,3,3,4,3,2,3,3,3.333333,2.666667
238,1,3,3,3,3,3,3,3,3,3,3,3
239,1,3,2,3,3,3,3,4,3,2.5,3,3.333333
240,1,3,3,3,3,3,3,3,3,3,3,3
241,1,2,2,2,2,2,2,3,2,2,2,2.333333
242,1,3,2,2,2,3,3,2,2,2.5,2.333333,2.333333
243,1,3,3,2,2,3,3,1,3,3,2.333333,2.333333
244,1,3,3,3,3,3,3,3,3,3,3,3
245,1,3,1,3,3,3,3,3,3,2,3,3
246,1,3,3,2,2,3,3,1,3,3,2.333333,2.333333
247,1,4,2,4,4,4,4,2,4,3,4,3.333333
248,1,3,3,2,3,3,3,2,3,3,2.666667,2.666667
249,1,2,2,4,3,3,4,4,4,2,3.333333,4
250,1,3,3,3,2,2,3,3,3,3,2.333333,3
251,1,2,2,3,2,3,3,3,3,2,2.666667,3
252,2,3,4,1,2,2,1,2,1,3.5,1.666667,1.333333
253,1,4,3,4,3,4,4,2,4,3.5,3.666667,3.333333
254,1,3,2,4,3,3,3,2,2,2.5,3.333333,2.333333
255,1,3,3,4,4,3,3,2,3,3,3.666667,2.666667
256,1,3,2,2,3,2,3,4,3,2.5,2.333333,3.333333
257,2,3,3,3,3,3,3,2,3,3,3,2.666667
258,2,3,4,3,2,3,3,3,3,3.5,2.666667,3
259,1,4,3,3,2,3,2,2,2,3.5,2.666667,2
260,1,3,2,3,3,2,4,2,4,2.5,2.666667,3.333333
261,2,4,4,3,2,3,4,2,3,4,2.666667,3
262,2,2,1,3,2,2,2,2,3,1.5,2.333333,2.333333
263,2,3,3,4,3,4,4,4,4,3,3.666667,4
264,1,3,3,3,3,3,3,3,3,3,3,3
265,2,4,4,4,4,4,4,4,4,4,4,4
266,2,4,4,4,3,4,4,2,4,4,3.666667,3.333333
267,2,3,3,3,2,3,2,3,2,3,2.666667,2.333333
268,2,3,3,3,2,3,3,2,3,3,2.666667,2.666667
269,2,3,4,4,3,4,3,4,3,3.5,3.666667,3.333333
270,2,3,3,4,2,4,3,3,3,3,3.333333,3
271,2,2,2,2,2,2,1,1,1,2,2,1
272,2,4,4,3,3,3,4,2,3,4,3,3
273,2,4,3,3,3,3,3,3,3,3.5,3,3
274,2,3,2,2,2,2,2,3,3,2.5,2,2.666667
275,2,2,2,3,3,3,3,2,2,2,3,2.333333
276,2,3,3,4,2,2,3,3,3,3,2.666667,3
277,2,2,2,2,2,3,3,3,3,2,2.333333,3
278,2,4,4,4,3,3,4,3,4,4,3.333333,3.666667
279,2,3,3,2,2,2,4,2,3,3,2,3
280,2,4,4,4,3,3,3,4,3,4,3.333333,3.333333
281,2,3,3,3,3,4,3,3,3,3,3.333333,3
282,2,3,2,2,3,3,3,2,3,2.5,2.666667,2.666667
283,2,3,3,1,2,3,2,2,2,3,2,2
284,2,3,3,4,3,2,3,2,3,3,3,2.666667
285,2,3,3,3,3,4,4,3,4,3,3.333333,3.666667
286,2,2,3,2,2,3,3,2,3,2.5,2.333333,2.666667
287,2,3,3,3,3,3,3,2,2,3,3,2.333333
288,2,4,4,4,3,4,3,3,3,4,3.666667,3
289,2,3,4,3,2,3,2,2,2,3.5,2.666667,2
290,2,3,4,3,2,3,4,3,3,3.5,2.666667,3.333333
291,2,3,1,3,3,3,3,2,3,2,3,2.666667
292,2,3,3,3,3,2,2,2,3,3,2.666667,2.333333
293,2,4,4,4,4,4,4,4,4,4,4,4
294,1,4,3,4,3,4,4,4,4,3.5,3.666667,4
295,2,3,3,3,3,2,3,2,3,3,2.666667,2.666667
296,1,3,3,3,3,3,3,2,3,3,3,2.666667
297,2,3,4,3,3,4,4,3,4,3.5,3.333333,3.666667
298,2,3,3,3,2,3,3,2,3,3,2.666667,2.666667
299,2,3,3,4,2,3,3,3,3,3,3,3
300,1,3,3,3,3,4,3,4,3,3,3.333333,3.333333
301,1,3,3,3,3,3,3,2,3,3,3,2.666667
302,1,3,3,3,3,3,3,3,4,3,3,3.333333
303,1,4,4,3,2,3,3,3,3,4,2.666667,3
304,2,3,3,2,1,1,2,1,1,3,1.333333,1.333333
305,1,3,3,3,2,3,3,3,3,3,2.666667,3
306,2,2,3,4,3,3,2,3,3,2.5,3.333333,2.666667
307,1,3,3,3,2,3,3,2,3,3,2.666667,2.666667
308,2,4,4,2,3,3,4,3,4,4,2.666667,3.666667
309,2,3,4,2,2,2,3,1,2,3.5,2,2
310,1,3,3,3,3,3,3,1,3,3,3,2.333333
311,1,3,3,3,3,3,2,1,1,3,3,1.333333
312,2,3,3,4,2,2,3,1,3,3,2.666667,2.333333
313,1,3,2,2,2,3,3,3,3,2.5,2.333333,3
314,2,4,4,4,3,3,4,2,4,4,3.333333,3.333333
315,1,3,2,3,3,3,3,2,3,2.5,3,2.666667
316,2,4,4,3,3,2,3,4,3,4,2.666667,3.333333
317,1,3,3,2,2,3,2,3,2,3,2.333333,2.333333
318,1,1,1,1,2,2,2,2,2,1,1.666667,2
319,1,3,3,3,3,3,3,3,3,3,3,3
320,2,3,2,3,3,3,3,3,3,2.5,3,3
321,2,4,4,3,2,3,4,2,3,4,2.666667,3
322,2,3,4,2,3,4,4,4,4,3.5,3,4
323,2,4,4,4,4,4,4,4,4,4,4,4
324,2,4,4,3,3,3,4,4,4,4,3,4
325,2,3,3,3,3,2,3,2,3,3,2.666667,2.666667
326,2,3,3,2,2,3,3,2,3,3,2.333333,2.666667
327,2,3,3,3,3,3,3,3,3,3,3,3
328,2,4,4,2,2,3,2,2,2,4,2.333333,2
329,2,2,2,2,2,3,3,3,2,2,2.333333,2.666667
330,2,3,3,4,3,2,3,3,3,3,3,3
331,2,3,3,2,3,4,4,3,3,3,3,3.333333
332,2,3,3,3,3,3,3,2,3,3,3,2.666667
333,1,3,3,3,3,3,3,3,3,3,3,3
334,1,3,3,2,2,2,3,2,3,3,2,2.666667
335,1,4,4,4,4,4,4,4,4,4,4,4
336,1,3,3,3,2,3,3,3,3,3,2.666667,3
337,1,3,3,3,3,3,3,3,3,3,3,3
338,1,3,4,4,3,4,3,3,3,3.5,3.666667,3
339,1,3,3,2,3,3,2,3,3,3,2.666667,2.666667
340,1,4,4,4,4,4,4,4,4,4,4,4
341,1,3,2,4,2,3,4,3,4,2.5,3,3.666667
342,1,3,3,3,3,3,3,3,3,3,3,3
343,1,3,3,3,3,3,3,3,4,3,3,3.333333
344,1,4,2,4,3,4,4,3,4,3,3.666667,3.666667
345,1,3,3,4,3,3,4,3,3,3,3.333333,3.333333
346,1,3,3,3,3,3,3,3,3,3,3,3
347,2,3,3,3,3,4,4,3,4,3,3.333333,3.666667
348,2,4,4,4,3,3,3,1,3,4,3.333333,2.333333
349,2,3,3,2,2,2,2,1,2,3,2,1.666667
350,2,2,1,3,3,3,3,2,3,1.5,3,2.666667
351,2,2,2,3,2,2,2,1,2,2,2.333333,1.666667
352,2,3,3,3,3,4,3,2,3,3,3.333333,2.666667
353,2,3,4,3,2,2,3,2,3,3.5,2.333333,2.666667
354,2,3,3,2,2,3,3,2,2,3,2.333333,2.333333
355,2,4,4,4,2,3,4,3,4,4,3,3.666667
356,2,4,4,4,4,4,4,4,4,4,4,4
357,2,3,3,4,4,4,4,3,4,3,4,3.666667
358,2,3,3,3,3,3,3,3,4,3,3,3.333333
359,2,3,3,3,3,3,3,2,3,3,3,2.666667
360,2,3,3,3,3,3,3,4,3,3,3,3.333333
361,2,3,3,3,3,3,3,2,3,3,3,2.666667
362,2,3,4,4,3,3,3,3,3,3.5,3.333333,3
363,2,4,4,4,3,4,4,3,4,4,3.666667,3.666667
364,2,4,4,3,3,4,4,3,4,4,3.333333,3.666667
365,2,4,2,3,3,4,4,3,4,3,3.333333,3.666667
366,2,3,3,3,2,3,3,2,4,3,2.666667,3
367,2,4,4,4,3,4,4,4,4,4,3.666667,4
368,2,3,3,3,3,2,2,2,2,3,2.666667,2
369,2,4,4,4,3,4,4,3,4,4,3.666667,3.666667
370,2,4,4,3,3,3,3,3,3,4,3,3
371,2,3,3,3,2,3,3,2,3,3,2.666667,2.666667
372,2,4,4,3,3,3,2,2,2,4,3,2
373,2,3,3,3,3,3,3,3,3,3,3,3
374,2,4,4,3,3,4,4,2,4,4,3.333333,3.333333
375,2,3,3,2,2,2,3,2,2,3,2,2.333333
376,2,4,4,4,3,4,4,4,4,4,3.666667,4
377,2,3,3,3,3,4,3,2,3,3,3.333333,2.666667
378,2,3,3,2,2,3,3,2,3,3,2.333333,2.666667
379,2,3,3,2,2,2,3,1,3,3,2,2.333333
380,2,3,3,3,2,3,3,3,3,3,2.666667,3
381,1,2,3,2,1,2,3,3,3,2.5,1.666667,3
382,1,4,3,4,4,4,4,3,4,3.5,4,3.666667
383,1,2,2,3,2,3,2,2,2,2,2.666667,2
384,1,3,3,4,2,4,3,3,3,3,3.333333,3
385,1,3,2,4,4,4,4,4,4,2.5,4,4
386,1,4,3,3,3,3,4,2,4,3.5,3,3.333333
387,1,3,3,3,2,3,4,3,3,3,2.666667,3.333333
388,1,4,4,3,3,3,3,3,3,4,3,3
389,1,3,2,2,2,2,2,2,2,2.5,2,2
390,1,3,3,3,3,3,3,3,3,3,3,3
391,1,3,3,2,2,2,2,2,2,3,2,2
392,1,3,3,4,2,4,4,2,4,3,3.333333,3.333333
393,1,3,3,1,1,3,3,2,3,3,1.666667,2.666667
394,1,4,4,3,3,3,4,2,4,4,3,3.333333
395,1,3,3,3,3,3,3,3,3,3,3,3
396,1,3,3,4,3,3,4,4,4,3,3.333333,4
397,1,3,3,3,3,3,3,2,3,3,3,2.666667
398,1,3,3,4,3,4,4,4,4,3,3.666667,4
399,1,3,3,4,3,3,4,4,4,3,3.333333,4
400,1,3,3,3,3,2,3,2,3,3,2.666667,2.666667
401,1,3,2,4,3,3,4,2,4,2.5,3.333333,3.333333
402,1,3,3,2,2,2,3,2,3,3,2,2.666667
403,1,2,1,1,1,2,2,2,1,1.5,1.333333,1.666667
404,1,3,3,3,3,3,4,2,3,3,3,3
405,1,3,3,3,3,3,3,4,4,3,3,3.666667
406,1,3,2,3,3,3,2,2,2,2.5,3,2
407,1,3,3,4,3,3,4,4,4,3,3.333333,4
408,1,3,2,3,2,3,4,4,4,2.5,2.666667,4
409,1,3,2,3,3,3,4,3,3,2.5,3,3.333333
410,1,4,4,4,3,4,3,2,3,4,3.666667,2.666667
411,1,2,2,2,2,2,2,2,2,2,2,2
412,1,3,3,4,3,3,3,2,3,3,3.333333,2.666667
413,1,3,3,2,2,3,4,4,3,3,2.333333,3.666667
414,1,3,3,3,3,3,3,3,3,3,3,3
415,2,3,3,2,3,3,3,2,2,3,2.666667,2.333333
416,2,3,3,3,3,3,3,2,3,3,3,2.666667
417,2,3,4,3,4,4,4,2,4,3.5,3.666667,3.333333
418,2,3,4,4,3,3,4,4,4,3.5,3.333333,4
419,2,4,4,4,4,4,4,4,4,4,4,4
420,1,3,3,4,2,3,4,4,4,3,3,4
421,2,3,3,3,3,3,4,2,4,3,3,3.333333
422,2,2,2,3,2,3,2,2,2,2,2.666667,2
423,1,3,3,2,2,3,3,2,3,3,2.333333,2.666667
424,2,3,2,1,2,2,2,2,3,2.5,1.666667,2.333333
425,2,4,3,3,3,3,4,4,4,3.5,3,4
426,2,4,4,4,3,3,3,3,3,4,3.333333,3
427,1,2,1,2,2,3,3,2,2,1.5,2.333333,2.333333
428,2,3,3,3,2,3,3,3,3,3,2.666667,3
429,2,3,3,3,3,3,2,2,2,3,3,2
430,2,3,3,3,3,3,3,3,3,3,3,3
431,1,3,3,4,2,3,3,4,4,3,3,3.666667
432,1,3,3,3,2,2,1,2,1,3,2.333333,1.333333
433,1,4,4,4,2,4,4,4,4,4,3.333333,4
434,1,3,3,4,4,4,4,4,4,3,4,4
435,1,3,3,3,3,3,3,2,2,3,3,2.333333
436,2,3,2,3,3,3,2,3,3,2.5,3,2.666667
437,2,4,2,3,2,3,3,2,4,3,2.666667,3
438,2,3,2,3,2,4,3,2,3,2.5,3,2.666667
439,1,4,4,4,4,4,4,4,4,4,4,4
440,2,2,2,2,3,3,3,1,3,2,2.666667,2.333333
441,1,3,2,3,3,3,3,3,3,2.5,3,3
442,2,3,3,2,2,3,3,2,3,3,2.333333,2.666667
443,2,3,1,2,3,3,2,2,2,2,2.666667,2
444,2,2,2,3,3,3,2,3,3,2,3,2.666667
445,2,3,2,2,3,3,2,2,2,2.5,2.666667,2
446,2,2,2,2,2,3,2,2,2,2,2.333333,2
447,2,3,2,2,2,2,3,3,3,2.5,2,3
448,2,3,3,3,3,3,3,2,3,3,3,2.666667
449,2,3,3,3,3,3,3,3,3,3,3,3
450,2,3,3,3,3,3,3,2,2,3,3,2.333333
451,2,4,4,4,3,4,4,3,4,4,3.666667,3.666667
452,2,3,3,2,2,3,2,2,2,3,2.333333,2
453,2,3,3,2,2,2,2,2,2,3,2,2
454,2,3,3,2,2,3,2,2,2,3,2.333333,2
455,2,3,2,3,2,2,2,2,2,2.5,2.333333,2
456,2,3,2,2,3,2,2,2,2,2.5,2.333333,2
457,2,3,2,2,2,2,2,2,2,2.5,2,2
458,2,3,3,4,3,3,3,3,3,3,3.333333,3
459,2,3,3,3,2,3,2,1,3,3,2.666667,2
460,2,3,3,2,3,3,4,3,4,3,2.666667,3.666667
461,2,3,3,2,2,2,3,3,3,3,2,3
462,2,3,3,4,3,3,4,2,4,3,3.333333,3.333333
463,2,3,2,3,2,3,3,2,3,2.5,2.666667,2.666667
464,2,3,3,2,2,3,3,3,3,3,2.333333,3
465,2,3,3,2,2,3,4,4,4,3,2.333333,4
466,2,3,3,1,2,2,1,1,1,3,1.666667,1
467,2,2,1,2,2,2,1,2,2,1.5,2,1.666667
468,2,2,2,2,3,3,3,2,3,2,2.666667,2.666667
469,2,3,3,3,3,3,3,3,3,3,3,3
470,2,3,3,3,3,3,3,3,3,3,3,3
471,2,3,1,3,2,3,3,2,3,2,2.666667,2.666667
472,1,3,4,2,2,2,3,2,3,3.5,2,2.666667
473,1,3,4,3,2,3,3,3,4,3.5,2.666667,3.333333
474,1,3,3,3,3,3,3,3,3,3,3,3
475,1,2,2,3,2,2,3,2,3,2,2.333333,2.666667
476,1,4,3,4,2,3,3,2,3,3.5,3,2.666667
477,1,3,2,3,3,3,2,3,2,2.5,3,2.333333
478,1,3,2,2,2,3,2,3,3,2.5,2.333333,2.666667
479,1,3,3,1,1,2,2,3,2,3,1.333333,2.333333
480,1,3,2,2,2,2,3,2,3,2.5,2,2.666667
481,1,3,3,4,3,3,3,2,3,3,3.333333,2.666667
482,1,3,1,2,2,3,2,3,3,2,2.333333,2.666667
483,1,4,2,4,3,4,4,4,4,3,3.666667,4
484,1,2,2,1,2,2,1,1,1,2,1.666667,1
485,1,3,2,4,3,4,4,3,3,2.5,3.666667,3.333333
486,1,2,2,2,3,2,3,2,2,2,2.333333,2.333333
487,1,3,3,3,3,3,3,2,3,3,3,2.666667
488,1,3,3,1,2,2,2,1,3,3,1.666667,2
489,1,4,4,4,3,4,4,4,4,4,3.666667,4
490,1,3,2,4,3,4,4,4,4,2.5,3.666667,4
491,1,3,1,3,2,2,2,2,2,2,2.333333,2
492,1,4,3,3,2,3,3,3,3,3.5,2.666667,3
493,1,2,4,3,3,3,3,2,3,3,3,2.666667
494,1,3,2,2,2,2,3,1,2,2.5,2,2
495,1,3,2,4,3,3,4,2,3,2.5,3.333333,3
496,1,2,3,4,3,3,3,2,3,2.5,3.333333,2.666667
497,1,3,3,2,2,2,3,2,2,3,2,2.333333
498,1,3,2,3,2,3,2,3,2,2.5,2.666667,2.333333
499,1,2,2,3,3,3,3,2,3,2,3,2.666667
500,2,3,2,1,2,2,2,2,1,2.5,1.666667,1.666667
501,2,3,2,4,4,3,3,2,3,2.5,3.666667,2.666667
502,2,4,4,4,4,4,4,4,4,4,4,4
503,2,2,3,2,2,2,2,3,2,2.5,2,2.333333
504,2,3,4,3,2,3,3,2,3,3.5,2.666667,2.666667
505,2,4,4,3,2,4,4,2,3,4,3,3
506,2,2,4,4,3,3,3,2,3,3,3.333333,2.666667
507,2,2,3,3,3,3,4,2,4,2.5,3,3.333333
508,2,3,1,3,2,2,2,2,3,2,2.333333,2.333333
509,2,3,2,2,2,2,3,3,3,2.5,2,3
510,2,3,3,4,4,4,4,4,4,3,4,4
511,2,3,3,3,3,3,3,3,3,3,3,3
512,2,2,2,2,2,2,1,1,2,2,2,1.333333
513,2,3,3,1,2,3,2,1,2,3,2,1.666667
514,2,4,3,3,3,4,4,1,3,3.5,3.333333,2.666667
515,2,3,2,1,2,2,2,1,1,2.5,1.666667,1.333333
516,2,2,1,2,2,2,2,2,2,1.5,2,2
517,2,2,3,3,2,3,3,3,2,2.5,2.666667,2.666667
518,2,4,4,4,3,3,3,1,2,4,3.333333,2
519,2,3,1,3,2,2,3,2,3,2,2.333333,2.666667
520,2,3,4,2,1,2,3,2,2,3.5,1.666667,2.333333
521,2,3,2,2,2,2,2,2,2,2.5,2,2
522,2,3,3,2,2,2,2,2,3,3,2,2.333333
523,2,3,3,4,4,3,3,3,4,3,3.666667,3.333333
524,1,3,3,3,3,3,4,3,4,3,3,3.666667
525,2,3,4,2,3,3,3,3,3,3.5,2.666667,3
526,1,3,3,4,3,3,3,3,3,3,3.333333,3
527,1,3,1,3,2,3,3,2,2,2,2.666667,2.333333
528,2,3,4,4,4,3,4,4,4,3.5,3.666667,4
529,2,3,3,2,3,3,2,2,3,3,2.666667,2.333333
530,1,3,3,4,3,4,4,4,4,3,3.666667,4
531,1,3,3,2,3,3,3,2,3,3,2.666667,2.666667
532,2,2,2,3,2,3,3,3,3,2,2.666667,3
533,1,3,3,3,3,3,3,3,3,3,3,3
534,2,2,3,2,2,2,3,2,2,2.5,2,2.333333
535,2,4,3,4,4,4,4,2,4,3.5,4,3.333333
536,1,3,3,3,2,2,2,3,2,3,2.333333,2.333333
537,2,4,4,4,4,4,4,4,4,4,4,4
538,2,4,3,3,3,3,3,1,3,3.5,3,2.333333
539,1,3,4,3,2,3,4,2,3,3.5,2.666667,3
540,2,3,3,3,3,3,3,4,4,3,3,3.666667
541,2,3,3,3,2,3,3,2,3,3,2.666667,2.666667
542,2,2,1,2,2,2,1,2,1,1.5,2,1.333333
543,2,3,4,3,3,4,3,1,3,3.5,3.333333,2.333333
544,2,3,2,1,2,2,2,1,3,2.5,1.666667,2
545,1,3,3,4,4,4,4,4,4,3,4,4
546,2,4,4,4,3,3,3,3,3,4,3.333333,3
547,1,4,4,4,4,4,4,4,4,4,4,4
548,2,4,4,4,2,4,4,2,3,4,3.333333,3
549,2,3,3,2,2,2,3,1,2,3,2,2
550,2,3,2,3,3,3,2,2,2,2.5,3,2
551,2,3,3,3,2,3,2,2,2,3,2.666667,2
552,2,3,4,3,2,3,3,2,3,3.5,2.666667,2.666667
553,2,3,3,2,2,2,3,2,3,3,2,2.666667
554,2,3,3,2,2,3,1,1,2,3,2.333333,1.333333
555,2,3,4,3,3,3,3,3,3,3.5,3,3
556,2,2,2,1,1,1,1,1,1,2,1,1
557,2,4,4,3,3,3,3,2,3,4,3,2.666667
558,2,3,3,2,2,3,3,3,4,3,2.333333,3.333333
559,2,2,2,3,2,2,2,2,2,2,2.333333,2
560,2,3,3,2,2,3,3,2,3,3,2.333333,2.666667
561,2,3,3,4,3,3,4,3,4,3,3.333333,3.666667
562,2,2,3,2,2,2,2,1,2,2.5,2,1.666667
563,2,3,3,3,2,3,3,3,3,3,2.666667,3
564,2,3,4,3,2,3,3,2,4,3.5,2.666667,3
565,2,4,4,4,3,3,3,2,3,4,3.333333,2.666667
566,2,3,3,4,3,3,4,3,3,3,3.333333,3.333333
567,2,3,3,3,2,2,3,2,3,3,2.333333,2.666667
568,2,3,3,2,2,2,3,3,3,3,2,3
569,2,3,3,2,2,2,3,2,3,3,2,2.666667
570,2,4,4,4,2,3,4,4,4,4,3,4
571,2,2,3,2,2,1,2,2,2,2.5,1.666667,2
572,2,3,2,4,3,3,2,3,3,2.5,3.333333,2.666667
573,2,4,4,4,4,4,4,1,4,4,4,3
574,1,2,2,2,2,2,2,2,2,2,2,2
575,1,3,3,3,3,3,3,3,3,3,3,3
576,1,3,2,3,3,3,3,3,3,2.5,3,3
577,2,3,2,2,4,3,3,3,3,2.5,3,3
578,2,3,3,1,2,2,1,1,1,3,1.666667,1
579,2,2,3,3,2,3,2,2,2,2.5,2.666667,2
580,1,2,1,3,2,3,3,3,3,1.5,2.666667,3
581,1,3,3,4,2,3,3,2,3,3,3,2.666667
582,1,3,3,4,3,4,4,4,4,3,3.666667,4
583,1,2,2,2,3,3,3,2,3,2,2.666667,2.666667
584,1,4,4,4,4,4,4,3,4,4,4,3.666667
585,2,3,3,2,3,4,3,1,3,3,3,2.333333
586,2,4,4,4,4,4,3,3,3,4,4,3
587,2,4,4,3,3,4,4,2,4,4,3.333333,3.333333
588,1,3,3,4,3,4,4,3,4,3,3.666667,3.666667
589,2,4,2,2,3,3,2,2,3,3,2.666667,2.333333
590,2,2,2,4,4,3,3,3,3,2,3.666667,3
591,2,3,3,4,3,4,4,4,4,3,3.666667,4
592,2,3,1,4,4,4,4,3,4,2,4,3.666667
593,2,3,2,3,2,4,3,2,2,2.5,3,2.333333
594,1,3,3,4,2,4,4,4,4,3,3.333333,4
595,1,2,2,3,2,2,3,2,3,2,2.333333,2.666667
596,2,4,4,2,3,3,3,2,3,4,2.666667,2.666667
597,1,3,2,4,4,4,4,4,3,2.5,4,3.666667
598,2,3,4,3,3,3,3,3,4,3.5,3,3.333333
599,2,3,4,3,2,3,2,2,3,3.5,2.666667,2.333333
600,2,2,3,2,2,3,2,1,3,2.5,2.333333,2
601,1,3,3,3,3,3,3,2,3,3,3,2.666667
602,2,3,4,4,3,3,3,1,3,3.5,3.333333,2.333333
603,1,3,4,4,3,3,4,4,4,3.5,3.333333,4
604,2,3,3,2,2,2,2,1,2,3,2,1.666667
605,1,3,2,3,3,4,4,3,4,2.5,3.333333,3.666667
606,2,3,3,3,3,4,3,4,3,3,3.333333,3.333333
607,2,3,3,4,3,3,3,3,3,3,3.333333,3
608,2,3,3,3,3,3,3,3,3,3,3,3
609,2,3,3,3,3,3,3,2,3,3,3,2.666667
610,2,3,3,2,2,3,2,2,2,3,2.333333,2
611,1,4,3,3,3,4,4,4,4,3.5,3.333333,4
612,2,2,2,3,3,3,3,2,2,2,3,2.333333
613,2,3,3,3,3,3,3,2,3,3,3,2.666667
614,2,4,4,3,2,3,3,1,4,4,2.666667,2.666667
615,1,2,2,4,2,3,4,4,4,2,3,4
616,1,3,3,3,3,3,4,3,4,3,3,3.666667
617,1,2,2,2,2,3,3,3,3,2,2.333333,3
618,1,3,3,4,3,3,3,3,3,3,3.333333,3
619,2,3,4,3,3,4,4,2,3,3.5,3.333333,3
620,2,3,3,3,2,3,2,2,2,3,2.666667,2
621,2,2,4,2,2,2,2,2,2,3,2,2
622,1,3,2,4,3,3,4,4,4,2.5,3.333333,4
623,2,3,3,4,4,4,3,2,3,3,4,2.666667
624,1,3,3,3,3,4,3,3,3,3,3.333333,3
625,2,2,2,2,3,3,3,2,3,2,2.666667,2.666667
626,1,4,4,4,4,4,4,2,4,4,4,3.333333
627,1,3,3,3,3,3,3,3,3,3,3,3
628,2,3,2,3,3,3,3,2,3,2.5,3,2.666667
629,2,4,4,4,4,3,3,3,3,4,3.666667,3
630,2,4,4,4,3,4,4,2,4,4,3.666667,3.333333
631,2,3,3,2,2,2,3,2,3,3,2,2.666667
632,2,4,3,4,4,4,4,4,4,3.5,4,4
633,2,3,3,3,3,3,3,3,3,3,3,3
634,2,3,2,2,3,3,3,2,2,2.5,2.666667,2.333333
635,2,3,3,3,3,3,3,3,3,3,3,3
636,1,3,2,4,3,3,4,4,4,2.5,3.333333,4
637,1,4,3,3,4,4,4,4,4,3.5,3.666667,4
638,2,3,3,4,4,3,4,4,4,3,3.666667,4
639,1,4,4,4,4,4,4,4,4,4,4,4
640,2,3,3,2,2,2,2,2,2,3,2,2
641,1,2,2,2,3,3,3,2,2,2,2.666667,2.333333
642,2,3,3,3,2,3,3,3,3,3,2.666667,3
643,1,3,3,3,2,3,3,3,3,3,2.666667,3
644,1,3,3,3,3,3,3,4,4,3,3,3.666667
645,2,3,3,4,3,3,3,2,2,3,3.333333,2.333333
646,2,4,4,4,3,4,4,2,4,4,3.666667,3.333333
647,2,3,3,3,3,3,3,3,3,3,3,3
648,2,3,4,4,2,4,4,2,3,3.5,3.333333,3
649,1,3,3,3,3,3,4,4,4,3,3,4
650,1,4,3,4,2,4,4,4,4,3.5,3.333333,4
651,2,3,4,3,2,2,3,3,3,3.5,2.333333,3
652,2,3,3,2,2,2,3,2,3,3,2,2.666667
653,1,2,3,3,2,3,4,4,3,2.5,2.666667,3.666667
654,2,3,2,3,3,3,3,2,4,2.5,3,3
655,2,4,4,3,3,3,3,2,3,4,3,2.666667
656,1,3,3,3,3,3,3,3,3,3,3,3
657,2,4,4,4,4,4,4,4,4,4,4,4
658,2,3,3,3,2,3,2,2,2,3,2.666667,2
659,2,3,3,4,3,4,4,3,4,3,3.666667,3.666667
660,1,4,3,4,3,3,4,4,4,3.5,3.333333,4
661,1,3,3,3,3,3,3,3,3,3,3,3
662,1,4,4,4,3,4,4,4,4,4,3.666667,4
663,1,3,4,3,2,3,4,3,4,3.5,2.666667,3.666667
664,1,3,2,3,3,3,3,2,3,2.5,3,2.666667
665,1,2,2,2,2,2,2,2,2,2,2,2
666,1,3,4,4,4,4,4,3,4,3.5,4,3.666667
667,1,2,2,3,2,2,3,3,3,2,2.333333,3
668,1,3,3,3,3,3,3,2,3,3,3,2.666667
669,1,4,4,4,3,4,4,4,4,4,3.666667,4
670,1,4,4,4,4,4,4,4,4,4,4,4
671,1,2,3,3,3,4,3,3,4,2.5,3.333333,3.333333
672,1,3,4,4,4,4,4,4,4,3.5,4,4
673,1,4,4,3,3,4,4,4,4,4,3.333333,4
674,1,3,4,4,3,4,4,2,4,3.5,3.666667,3.333333
675,1,3,3,4,4,4,4,4,4,3,4,4
676,1,3,3,3,3,3,4,4,4,3,3,4
677,1,3,2,3,2,3,3,3,3,2.5,2.666667,3
678,1,2,2,2,2,2,2,2,2,2,2,2
679,1,3,3,3,3,3,4,2,3,3,3,3
680,1,3,3,3,3,3,4,3,4,3,3,3.666667
681,1,3,4,3,3,3,2,3,2,3.5,3,2.333333
682,1,2,1,3,2,3,3,3,3,1.5,2.666667,3
683,1,3,3,4,3,3,4,3,3,3,3.333333,3.333333
684,1,3,3,3,2,2,3,2,3,3,2.333333,2.666667
685,1,3,3,3,2,2,1,2,2,3,2.333333,1.666667
686,1,2,3,3,2,3,3,3,3,2.5,2.666667,3
687,1,4,4,4,4,3,3,2,3,4,3.666667,2.666667
688,1,3,2,3,3,3,3,2,3,2.5,3,2.666667
689,1,3,3,3,3,3,3,3,3,3,3,3
690,1,3,2,3,3,3,3,1,3,2.5,3,2.333333
691,1,4,4,4,4,4,4,4,4,4,4,4
692,1,2,3,3,2,2,2,2,3,2.5,2.333333,2.333333
693,1,3,3,3,3,4,4,3,4,3,3.333333,3.666667
694,1,3,3,3,3,3,3,2,3,3,3,2.666667
695,1,3,3,3,3,4,4,2,3,3,3.333333,3
696,1,3,2,3,3,3,3,3,3,2.5,3,3
697,1,2,2,2,2,2,2,3,3,2,2,2.666667
698,1,2,2,3,2,3,3,2,3,2,2.666667,2.666667
699,2,4,3,4,4,4,4,2,4,3.5,4,3.333333
700,1,2,2,2,2,2,3,2,3,2,2,2.666667
701,2,3,4,3,3,3,3,3,4,3.5,3,3.333333
702,2,4,4,3,2,3,2,2,2,4,2.666667,2
703,2,2,2,2,2,3,3,2,3,2,2.333333,2.666667
704,2,3,3,3,2,2,3,3,3,3,2.333333,3
705,2,3,3,2,1,2,2,1,2,3,1.666667,1.666667
706,2,3,4,2,2,3,3,2,3,3.5,2.333333,2.666667
707,1,3,3,3,3,2,3,2,3,3,2.666667,2.666667
708,2,3,3,3,2,2,2,1,2,3,2.333333,1.666667
709,1,3,3,4,3,3,3,3,3,3,3.333333,3
710,1,4,3,4,3,4,4,3,3,3.5,3.666667,3.333333
711,2,3,4,3,3,2,3,2,3,3.5,2.666667,2.666667
712,2,3,4,2,2,2,3,2,3,3.5,2,2.666667
713,2,3,2,4,3,3,3,2,3,2.5,3.333333,2.666667
714,1,3,1,3,2,3,3,3,4,2,2.666667,3.333333
715,2,3,4,4,3,3,4,3,3,3.5,3.333333,3.333333
716,1,3,2,3,3,4,3,2,4,2.5,3.333333,3
717,2,4,4,2,2,2,2,1,2,4,2,1.666667
718,2,3,2,2,3,3,3,2,3,2.5,2.666667,2.666667
719,2,3,2,2,2,3,2,1,2,2.5,2.333333,1.666667
720,2,3,4,3,3,4,3,3,2,3.5,3.333333,2.666667
721,2,4,4,3,3,3,3,2,3,4,3,2.666667
722,1,3,2,3,2,3,3,2,3,2.5,2.666667,2.666667
723,1,2,2,3,3,3,3,2,3,2,3,2.666667
724,2,3,3,3,3,3,4,4,4,3,3,4
725,2,4,4,4,4,4,4,4,4,4,4,4
726,2,3,3,2,2,2,3,3,3,3,2,3
727,2,4,4,4,4,4,4,3,4,4,4,3.666667
728,2,3,4,4,3,3,4,3,4,3.5,3.333333,3.666667
729,2,3,2,3,3,2,3,2,3,2.5,2.666667,2.666667
730,2,3,2,3,2,2,3,2,3,2.5,2.333333,2.666667
731,2,3,3,3,3,4,3,3,3,3,3.333333,3
732,2,3,3,3,2,2,3,3,3,3,2.333333,3
733,2,4,4,4,4,4,4,3,4,4,4,3.666667
734,2,3,3,3,2,1,2,3,2,3,2,2.333333
735,2,3,3,2,2,2,3,2,3,3,2,2.666667
736,2,3,4,3,3,4,4,1,3,3.5,3.333333,2.666667
737,2,4,4,4,3,4,4,3,4,4,3.666667,3.666667
738,2,4,4,4,4,4,4,4,4,4,4,4
739,2,3,2,2,3,3,2,2,3,2.5,2.666667,2.333333
740,2,4,4,4,2,4,3,3,3,4,3.333333,3
741,2,3,3,3,3,2,3,3,3,3,2.666667,3
742,2,3,2,3,2,3,3,2,3,2.5,2.666667,2.666667
743,2,3,1,2,2,3,2,2,2,2,2.333333,2
744,2,4,4,4,3,4,3,4,4,4,3.666667,3.666667
745,2,4,4,4,2,4,4,4,4,4,3.333333,4
746,2,3,4,3,3,4,4,4,4,3.5,3.333333,4
747,2,2,2,2,2,2,3,2,3,2,2,2.666667
748,2,4,2,3,3,4,3,3,3,3,3.333333,3
749,2,3,3,3,2,3,3,2,3,3,2.666667,2.666667
750,2,3,4,4,3,4,4,3,4,3.5,3.666667,3.666667
751,2,4,4,3,3,4,3,3,3,4,3.333333,3
752,2,3,3,2,2,3,3,3,3,3,2.333333,3
753,2,3,2,2,1,2,3,1,3,2.5,1.666667,2.333333
754,2,3,3,4,3,3,4,4,4,3,3.333333,4
755,2,3,3,3,2,2,2,2,3,3,2.333333,2.333333
756,2,3,3,2,1,2,3,3,3,3,1.666667,3
757,2,3,2,3,3,3,3,3,3,2.5,3,3
758,2,3,3,3,3,3,3,1,2,3,3,2
759,2,3,4,2,2,2,3,2,3,3.5,2,2.666667
760,2,2,2,2,2,2,2,2,2,2,2,2
761,2,3,3,3,2,3,4,3,4,3,2.666667,3.666667
762,2,3,3,4,3,3,3,3,4,3,3.333333,3.333333
763,2,4,4,3,3,3,3,2,3,4,3,2.666667
764,2,4,4,3,3,3,3,3,3,4,3,3
765,2,3,3,3,2,2,3,2,3,3,2.333333,2.666667
766,2,4,4,4,4,4,4,3,4,4,4,3.666667
767,2,4,4,4,4,4,3,3,4,4,4,3.333333
768,2,3,2,3,3,2,3,3,3,2.5,2.666667,3
769,2,4,4,4,3,3,4,2,3,4,3.333333,3
770,2,3,3,2,3,3,3,2,3,3,2.666667,2.666667
771,2,3,3,3,3,4,3,2,4,3,3.333333,3
772,2,3,3,4,3,3,2,2,3,3,3.333333,2.333333
773,2,3,3,4,3,3,3,1,3,3,3.333333,2.333333
774,2,3,3,3,2,2,2,3,2,3,2.333333,2.333333
775,2,4,4,4,2,4,3,3,4,4,3.333333,3.333333
776,2,4,4,3,4,4,4,4,4,4,3.666667,4
777,2,2,3,3,2,3,2,3,2,2.5,2.666667,2.333333
778,1,3,3,3,2,3,3,2,3,3,2.666667,2.666667
779,1,4,4,3,4,3,3,3,3,4,3.333333,3
780,1,2,3,3,3,4,3,2,3,2.5,3.333333,2.666667
781,1,3,3,3,2,2,2,3,2,3,2.333333,2.333333
782,1,3,3,2,2,3,3,2,2,3,2.333333,2.333333
783,1,3,3,4,3,4,3,3,3,3,3.666667,3
784,1,3,2,3,2,3,4,4,4,2.5,2.666667,4
785,1,3,3,4,2,3,4,4,4,3,3,4
786,1,3,2,2,2,3,2,1,2,2.5,2.333333,1.666667
787,1,2,2,2,2,2,2,2,2,2,2,2
788,1,3,4,4,3,4,4,1,4,3.5,3.666667,3
789,1,4,3,3,3,3,4,4,3,3.5,3,3.666667
790,1,3,3,2,2,2,3,2,3,3,2,2.666667
791,1,2,3,3,2,3,3,2,3,2.5,2.666667,2.666667
792,1,3,3,4,3,3,4,3,4,3,3.333333,3.666667
793,1,3,3,3,3,3,3,3,3,3,3,3
794,1,2,2,1,2,2,2,1,1,2,1.666667,1.333333
795,1,3,3,3,2,2,3,2,3,3,2.333333,2.666667
796,1,2,4,3,3,2,3,2,3,3,2.666667,2.666667
797,1,3,3,3,2,2,2,1,3,3,2.333333,2
798,1,4,4,4,4,3,4,4,4,4,3.666667,4
799,1,3,3,4,3,3,3,4,3,3,3.333333,3.333333
800,1,4,3,3,2,3,4,4,4,3.5,2.666667,4
801,1,3,3,4,2,3,3,2,3,3,3,2.666667
802,1,3,2,3,2,3,3,3,3,2.5,2.666667,3
803,1,3,1,2,2,2,2,2,2,2,2,2
804,1,3,3,3,2,3,4,3,3,3,2.666667,3.333333
805,1,3,3,3,3,3,3,4,4,3,3,3.666667
806,1,2,2,4,4,4,4,2,4,2,4,3.333333
807,1,3,3,3,3,3,3,1,2,3,3,2
808,1,2,2,2,3,2,2,2,2,2,2.333333,2
809,1,3,3,3,3,3,2,2,3,3,3,2.333333
810,1,3,2,2,4,3,3,3,3,2.5,3,3
811,1,4,4,4,4,4,4,4,4,4,4,4
812,1,4,4,4,3,4,4,4,4,4,3.666667,4
813,1,3,3,3,3,4,4,3,3,3,3.333333,3.333333
814,1,3,2,2,3,3,3,3,3,2.5,2.666667,3
815,1,3,1,3,2,2,3,3,4,2,2.333333,3.333333
816,1,3,1,2,2,2,3,3,3,2,2,3
817,1,3,2,4,3,3,4,3,4,2.5,3.333333,3.666667
818,1,4,4,4,4,4,4,4,4,4,4,4
819,1,3,3,2,2,3,3,2,2,3,2.333333,2.333333
820,1,3,2,4,2,4,4,3,4,2.5,3.333333,3.666667
821,1,3,3,3,3,3,2,2,2,3,3,2
822,1,3,3,3,3,3,3,3,4,3,3,3.333333
823,1,2,3,3,2,2,3,2,2,2.5,2.333333,2.333333
824,1,3,2,2,2,3,3,2,3,2.5,2.333333,2.666667
825,1,3,2,3,2,4,4,4,4,2.5,3,4
826,1,4,4,4,3,4,4,3,4,4,3.666667,3.666667
827,1,2,2,2,3,3,3,3,3,2,2.666667,3
828,1,4,3,4,3,3,3,4,3,3.5,3.333333,3.333333
829,2,3,3,3,3,3,4,2,3,3,3,3
830,2,3,3,3,3,3,2,2,2,3,3,2
831,2,4,4,4,3,3,4,4,4,4,3.333333,4
832,2,3,3,3,3,3,3,3,3,3,3,3
833,1,3,4,3,2,2,3,1,3,3.5,2.333333,2.333333
834,2,3,4,2,2,2,3,2,3,3.5,2,2.666667
835,1,3,3,3,2,3,3,3,3,3,2.666667,3
836,2,4,4,3,3,3,3,2,2,4,3,2.333333
837,1,1,1,2,2,2,2,2,2,1,2,2
838,1,2,1,1,2,2,2,2,2,1.5,1.666667,2
839,1,2,2,3,2,4,3,2,3,2,3,2.666667
840,2,3,3,2,2,3,2,2,2,3,2.333333,2
841,2,4,4,2,3,3,3,2,2,4,2.666667,2.333333
842,1,3,3,3,2,3,3,3,3,3,2.666667,3
843,1,3,3,3,2,2,4,3,3,3,2.333333,3.333333
844,1,2,2,2,2,2,3,2,2,2,2,2.333333
845,1,3,3,3,3,3,2,2,2,3,3,2
846,2,3,3,2,3,2,2,2,2,3,2.333333,2
847,2,2,2,3,3,3,3,3,3,2,3,3
848,1,3,3,2,3,3,3,2,3,3,2.666667,2.666667
849,2,4,4,3,3,4,3,2,3,4,3.333333,2.666667
850,1,3,3,3,2,3,2,3,2,3,2.666667,2.333333
851,2,3,3,3,3,3,3,3,3,3,3,3
852,2,2,2,3,2,2,2,2,2,2,2.333333,2
853,2,3,2,2,3,2,3,2,2,2.5,2.333333,2.333333
854,2,3,3,3,3,2,2,3,2,3,2.666667,2.333333
855,2,2,1,2,2,2,2,2,2,1.5,2,2
856,2,3,3,3,2,3,3,2,3,3,2.666667,2.666667
857,2,4,4,3,4,3,4,1,3,4,3.333333,2.666667
858,2,3,3,3,2,3,3,2,3,3,2.666667,2.666667
859,2,3,2,4,4,3,3,3,3,2.5,3.666667,3
860,2,3,3,2,2,2,2,2,2,3,2,2
861,2,3,2,3,3,3,3,2,3,2.5,3,2.666667
862,2,3,2,3,2,3,3,2,3,2.5,2.666667,2.666667
863,2,3,3,3,2,3,3,3,3,3,2.666667,3
864,2,2,1,2,2,1,2,2,2,1.5,1.666667,2
865,2,3,3,3,3,3,3,2,3,3,3,2.666667
866,2,4,3,3,3,3,2,1,3,3.5,3,2
867,2,3,3,2,2,2,3,2,2,3,2,2.333333
868,2,4,4,2,2,3,3,1,2,4,2.333333,2
869,2,2,4,2,2,2,2,1,2,3,2,1.666667
870,2,3,3,3,2,3,3,3,3,3,2.666667,3
871,2,3,3,4,3,3,4,4,4,3,3.333333,4
872,2,3,3,3,2,3,3,2,3,3,2.666667,2.666667
873,2,3,3,3,3,3,3,2,3,3,3,2.666667
874,2,4,4,4,4,4,4,1,4,4,4,3
875,2,3,2,3,2,3,3,2,2,2.5,2.666667,2.333333
876,2,4,4,4,4,3,4,4,4,4,3.666667,4
877,2,3,3,2,2,2,2,2,2,3,2,2
878,2,2,4,2,3,3,3,2,3,3,2.666667,2.666667
879,2,3,3,1,2,1,1,1,1,3,1.333333,1
880,2,3,4,3,2,3,4,3,3,3.5,2.666667,3.333333
881,1,2,2,3,2,2,2,2,2,2,2.333333,2
882,2,4,4,4,4,4,4,2,4,4,4,3.333333
883,2,4,4,2,2,2,2,2,2,4,2,2
884,1,3,4,1,2,2,3,1,2,3.5,1.666667,2
885,2,3,3,3,2,3,4,3,3,3,2.666667,3.333333
886,1,3,4,3,2,3,3,2,3,3.5,2.666667,2.666667
887,2,4,4,3,2,4,3,3,3,4,3,3
888,1,3,3,2,3,3,3,3,3,3,2.666667,3
889,2,4,4,3,3,3,3,2,4,4,3,3
890,1,3,3,3,3,3,4,3,4,3,3,3.666667
891,2,3,4,4,3,3,4,3,3,3.5,3.333333,3.333333
892,1,3,3,2,2,3,3,1,2,3,2.333333,2
893,2,3,3,1,2,3,2,3,2,3,2,2.333333
894,1,4,4,4,4,4,4,4,4,4,4,4
895,2,4,4,3,3,3,4,4,4,4,3,4
896,1,3,4,3,3,4,3,3,3,3.5,3.333333,3
897,2,3,3,2,3,3,3,2,3,3,2.666667,2.666667
898,2,3,3,3,3,4,3,3,3,3,3.333333,3
899,1,3,3,3,2,3,2,4,2,3,2.666667,2.666667
900,2,3,2,4,3,3,3,2,3,2.5,3.333333,2.666667
901,2,3,3,3,3,3,4,2,3,3,3,3
902,1,3,3,3,3,2,3,3,3,3,2.666667,3
903,2,3,2,3,2,4,3,3,3,2.5,3,3
904,2,2,3,3,3,3,2,2,2,2.5,3,2
905,1,3,2,4,4,4,3,3,3,2.5,4,3
906,1,2,2,2,2,3,3,4,2,2,2.333333,3
907,2,4,3,4,4,4,4,3,4,3.5,4,3.666667
908,2,3,3,3,3,3,3,2,3,3,3,2.666667
909,1,3,2,3,2,2,4,2,4,2.5,2.333333,3.333333
910,1,2,2,3,2,3,2,2,2,2,2.666667,2
911,1,3,3,4,4,3,3,2,3,3,3.666667,2.666667
912,1,3,4,3,3,3,3,2,3,3.5,3,2.666667
913,1,3,3,4,4,4,4,3,4,3,4,3.666667
914,1,3,3,3,3,3,4,4,4,3,3,4
915,1,3,1,3,2,2,3,3,3,2,2.333333,3
916,1,4,4,4,3,4,4,4,4,4,3.666667,4
917,1,3,3,3,3,3,4,3,3,3,3,3.333333
918,1,3,1,3,2,3,2,2,2,2,2.666667,2
919,1,4,2,3,2,3,4,3,4,3,2.666667,3.666667
920,1,2,2,2,2,2,3,3,3,2,2,3
921,1,3,4,3,2,3,3,3,3,3.5,2.666667,3
922,1,3,3,3,3,3,2,3,2,3,3,2.333333
923,1,4,4,3,3,3,4,3,3,4,3,3.333333
924,1,2,1,3,3,3,3,3,4,1.5,3,3.333333
925,1,2,3,4,2,3,3,2,2,2.5,3,2.333333
926,1,4,4,4,3,4,4,3,4,4,3.666667,3.666667
927,1,3,3,3,2,2,2,3,2,3,2.333333,2.333333
928,1,3,3,3,3,3,3,3,3,3,3,3
929,1,3,3,4,3,3,3,2,3,3,3.333333,2.666667
930,1,3,2,2,2,2,3,2,3,2.5,2,2.666667
931,1,4,3,3,3,3,3,3,3,3.5,3,3
932,1,3,2,4,3,4,4,4,4,2.5,3.666667,4
933,1,4,4,4,4,4,4,3,4,4,4,3.666667
934,1,2,3,3,2,2,3,3,2,2.5,2.333333,2.666667
935,1,4,3,4,3,4,3,3,3,3.5,3.666667,3
936,1,4,4,3,2,3,4,3,3,4,2.666667,3.333333
937,1,4,4,4,4,4,4,3,4,4,4,3.666667
938,1,4,4,4,3,4,4,2,4,4,3.666667,3.333333
939,2,3,1,2,2,2,2,1,2,2,2,1.666667
940,2,3,3,2,2,2,2,3,3,3,2,2.666667
941,2,3,4,4,3,3,3,2,2,3.5,3.333333,2.333333
942,2,3,3,3,3,2,3,4,4,3,2.666667,3.666667
943,2,3,3,3,3,3,2,2,3,3,3,2.333333
944,1,2,2,2,2,2,2,1,1,2,2,1.333333
945,1,4,4,2,2,2,3,2,3,4,2,2.666667
946,1,4,4,4,3,4,3,4,3,4,3.666667,3.333333
947,1,3,3,2,2,2,2,2,2,3,2,2
948,1,4,4,4,4,3,3,2,3,4,3.666667,2.666667
949,1,3,3,3,2,3,3,3,3,3,2.666667,3
950,1,2,2,2,2,3,2,2,2,2,2.333333,2
951,2,4,4,4,4,4,4,4,4,4,4,4
952,2,4,4,3,3,4,4,3,4,4,3.333333,3.666667
953,2,3,3,4,4,4,4,4,4,3,4,4
954,2,3,2,3,2,3,3,3,3,2.5,2.666667,3
955,2,3,3,4,2,4,3,2,2,3,3.333333,2.333333
956,1,3,4,3,2,3,4,3,4,3.5,2.666667,3.666667
957,1,3,3,3,2,3,4,2,3,3,2.666667,3
958,1,3,3,3,2,3,2,2,2,3,2.666667,2
959,1,3,3,3,4,3,4,3,3,3,3.333333,3.333333
960,1,3,3,3,2,3,4,3,3,3,2.666667,3.333333
961,1,3,4,4,4,4,3,2,4,3.5,4,3
962,1,4,4,4,4,4,4,2,4,4,4,3.333333
963,2,3,3,2,2,2,2,2,2,3,2,2
964,2,2,3,2,1,2,1,1,1,2.5,1.666667,1
965,2,3,4,3,3,3,3,3,3,3.5,3,3
966,1,3,3,3,3,4,3,2,2,3,3.333333,2.333333
967,1,3,3,3,3,3,3,3,3,3,3,3
968,2,3,3,3,3,3,3,2,3,3,3,2.666667
969,2,3,3,3,3,3,3,2,3,3,3,2.666667
970,1,2,2,4,3,4,4,3,3,2,3.666667,3.333333
971,2,3,3,3,2,3,4,3,4,3,2.666667,3.666667
972,1,2,1,3,2,2,3,3,2,1.5,2.333333,2.666667
973,2,3,3,3,3,3,3,4,4,3,3,3.666667
974,1,3,3,4,4,3,4,3,4,3,3.666667,3.666667
975,1,3,4,4,3,4,4,2,4,3.5,3.666667,3.333333
976,2,4,4,3,3,3,3,3,3,4,3,3
977,1,3,3,3,2,2,3,3,3,3,2.333333,3
978,2,3,4,4,3,4,3,4,4,3.5,3.666667,3.666667
979,2,4,4,4,4,3,3,3,3,4,3.666667,3
980,2,4,3,4,3,4,4,4,4,3.5,3.666667,4
981,2,3,3,4,3,3,3,3,3,3,3.333333,3
982,1,2,2,3,3,3,3,2,2,2,3,2.333333
983,1,3,3,3,3,3,3,2,3,3,3,2.666667
984,2,3,3,2,2,3,3,2,3,3,2.333333,2.666667
985,2,3,3,2,2,2,3,1,2,3,2,2
986,2,3,3,1,1,2,2,1,2,3,1.333333,1.666667
987,1,3,2,2,2,3,3,1,2,2.5,2.333333,2
988,1,3,4,3,2,2,4,3,4,3.5,2.333333,3.666667
989,1,3,3,3,3,4,4,3,3,3,3.333333,3.333333
990,1,4,4,4,4,4,4,4,4,4,4,4
991,2,3,3,3,2,3,3,2,3,3,2.666667,2.666667
992,1,3,3,3,3,4,3,3,4,3,3.333333,3.333333
993,2,3,4,3,3,3,3,2,3,3.5,3,2.666667
994,2,2,1,3,2,3,3,3,3,1.5,2.666667,3
995,1,3,2,3,2,3,3,3,3,2.5,2.666667,3
996,1,4,4,3,4,4,4,4,4,4,3.666667,4
997,1,3,4,4,3,4,3,4,3,3.5,3.666667,3.333333
998,2,3,3,1,2,2,1,2,2,3,1.666667,1.666667
999,2,4,4,4,2,4,4,4,4,4,3.333333,4
1000,2,3,3,3,2,3,2,2,3,3,2.666667,2.333333
1001,1,4,4,4,4,4,4,4,4,4,4,4
1002,1,3,2,3,2,3,3,3,3,2.5,2.666667,3
1003,2,2,2,2,2,2,2,2,1,2,2,1.666667
1004,2,3,2,1,2,2,3,1,2,2.5,1.666667,2
1005,1,3,4,3,3,3,4,4,4,3.5,3,4
1006,1,3,2,3,2,3,3,2,3,2.5,2.666667,2.666667
1007,2,3,4,3,2,3,2,1,3,3.5,2.666667,2
1008,1,4,4,4,4,4,4,4,4,4,4,4
1009,2,3,3,3,3,4,4,4,4,3,3.333333,4
1010,2,3,3,3,2,3,2,2,2,3,2.666667,2
1011,2,3,3,2,2,3,3,3,3,3,2.333333,3
1012,2,3,3,2,2,2,3,1,2,3,2,2
1013,1,2,2,2,2,2,2,2,2,2,2,2
1014,2,3,3,3,2,3,2,2,2,3,2.666667,2
1015,1,3,3,2,2,3,2,2,2,3,2.333333,2
1016,2,4,4,3,3,4,3,1,2,4,3.333333,2
1017,2,3,3,3,2,2,2,3,2,3,2.333333,2.333333
1018,1,2,2,2,3,3,3,2,2,2,2.666667,2.333333
1019,1,3,2,3,3,3,3,2,3,2.5,3,2.666667
1020,2,3,3,2,3,3,3,2,3,3,2.666667,2.666667
1021,2,3,2,3,3,3,2,1,2,2.5,3,1.666667
1022,1,3,2,3,2,2,2,2,2,2.5,2.333333,2
1023,2,2,3,3,2,3,2,3,3,2.5,2.666667,2.666667
1024,2,3,3,2,2,3,3,2,3,3,2.333333,2.666667
1025,1,1,2,2,2,2,3,2,3,1.5,2,2.666667
1026,1,3,4,2,3,3,3,2,2,3.5,2.666667,2.333333
1027,1,3,2,3,2,2,3,2,2,2.5,2.333333,2.333333
1028,1,3,3,3,3,3,4,3,4,3,3,3.666667
1029,1,3,3,3,3,4,4,3,3,3,3.333333,3.333333
1030,2,3,3,2,2,3,2,2,2,3,2.333333,2
1031,1,4,4,4,2,4,4,4,4,4,3.333333,4
1032,1,3,3,3,3,3,3,2,3,3,3,2.666667
1033,1,3,3,3,3,3,3,4,3,3,3,3.333333
1034,2,4,4,3,4,4,3,2,3,4,3.666667,2.666667
1035,2,4,4,2,4,4,3,3,3,4,3.333333,3
1036,1,2,2,2,2,2,3,1,2,2,2,2
1037,1,3,2,2,2,2,2,2,2,2.5,2,2
1038,2,3,3,3,3,3,3,3,3,3,3,3
1039,1,3,1,4,3,3,4,4,4,2,3.333333,4
1040,1,3,4,3,3,3,3,2,3,3.5,3,2.666667
1041,1,3,3,3,3,3,3,3,3,3,3,3
1042,2,3,3,3,2,2,3,2,3,3,2.333333,2.666667
1043,2,4,4,2,2,3,2,1,3,4,2.333333,2
1044,1,3,2,3,3,3,3,2,3,2.5,3,2.666667
1045,2,4,4,4,3,4,4,4,4,4,3.666667,4
1046,2,3,1,2,2,3,3,1,2,2,2.333333,2
1047,1,3,3,2,3,3,2,2,2,3,2.666667,2
1048,1,3,2,3,3,3,4,3,3,2.5,3,3.333333
1049,2,3,4,2,2,3,3,3,3,3.5,2.333333,3
1050,1,4,4,4,4,4,4,1,4,4,4,3
1051,2,1,2,2,2,3,2,2,2,1.5,2.333333,2
1052,2,4,4,4,3,3,4,3,4,4,3.333333,3.666667
1053,2,4,4,4,4,4,4,4,4,4,4,4
1054,1,3,3,4,3,3,3,3,4,3,3.333333,3.333333
1055,2,3,3,2,2,3,3,3,3,3,2.333333,3
1056,2,4,4,3,2,2,3,2,2,4,2.333333,2.333333
1057,1,3,3,2,3,3,4,3,4,3,2.666667,3.666667
1058,1,3,3,3,3,3,4,2,3,3,3,3
1059,2,3,3,4,4,4,4,3,4,3,4,3.666667
1060,2,3,4,3,3,3,4,2,3,3.5,3,3
1061,1,3,3,3,2,3,3,2,3,3,2.666667,2.666667
1062,1,3,3,3,3,3,3,2,3,3,3,2.666667
1063,1,3,3,2,3,3,3,2,3,3,2.666667,2.666667
1064,1,3,3,2,3,3,3,2,3,3,2.666667,2.666667
1065,2,4,4,4,3,4,3,3,3,4,3.666667,3
1066,1,2,2,2,2,2,3,2,3,2,2,2.666667
1067,2,4,4,3,2,3,2,2,2,4,2.666667,2
1068,2,3,3,2,2,2,2,3,2,3,2,2.333333
1069,1,4,4,4,2,4,4,3,4,4,3.333333,3.666667
1070,1,3,3,3,3,3,4,4,4,3,3,4
1071,1,4,4,4,3,4,4,4,4,4,3.666667,4
1072,1,4,4,4,4,4,4,4,4,4,4,4
1073,2,3,3,3,2,3,3,3,3,3,2.666667,3
1074,2,4,4,3,3,3,3,2,3,4,3,2.666667
1075,2,3,3,2,2,2,2,2,2,3,2,2
1076,1,4,4,4,4,4,4,4,4,4,4,4
1077,2,3,3,3,2,3,2,2,2,3,2.666667,2
1078,2,3,3,3,2,4,3,3,3,3,3,3
1079,1,4,4,2,2,3,3,2,3,4,2.333333,2.666667
1080,2,3,3,2,3,3,3,2,3,3,2.666667,2.666667
1081,1,3,3,3,2,3,3,3,3,3,2.666667,3
1082,2,3,3,4,3,3,2,1,2,3,3.333333,1.666667
1083,1,3,3,3,3,2,2,1,1,3,2.666667,1.333333
1084,1,3,1,3,2,3,2,2,3,2,2.666667,2.333333
1085,1,4,4,4,3,4,4,2,4,4,3.666667,3.333333
1086,2,4,4,3,3,4,3,1,3,4,3.333333,2.333333
1087,2,4,4,4,3,3,4,4,4,4,3.333333,4
1088,2,2,4,2,2,2,2,1,2,3,2,1.666667
1089,2,3,3,2,2,3,3,2,3,3,2.333333,2.666667
1090,2,2,1,1,1,2,1,1,1,1.5,1.333333,1
1091,1,3,2,3,3,3,4,2,3,2.5,3,3
1092,2,3,3,2,3,3,4,2,3,3,2.666667,3
1093,1,3,3,4,3,4,4,3,4,3,3.666667,3.666667
1094,2,3,3,2,2,3,2,2,2,3,2.333333,2
1095,2,4,4,3,3,3,2,2,2,4,3,2
1096,1,3,3,2,2,2,3,2,3,3,2,2.666667
1097,2,3,3,3,2,4,3,1,3,3,3,2.333333
1098,1,4,4,4,4,3,4,4,4,4,3.666667,4
1099,1,2,3,3,3,3,3,2,4,2.5,3,3
1100,1,3,3,4,4,3,4,3,4,3,3.666667,3.666667
1101,2,3,3,3,2,2,3,2,3,3,2.333333,2.666667
1102,1,3,3,3,2,3,3,1,2,3,2.666667,2
1103,1,3,2,4,3,4,4,3,4,2.5,3.666667,3.666667
1104,2,2,4,2,2,2,3,1,2,3,2,2
1105,1,4,3,4,2,3,4,4,4,3.5,3,4
1106,2,3,4,2,2,2,3,2,3,3.5,2,2.666667
1107,2,3,4,3,3,4,3,2,3,3.5,3.333333,2.666667
1108,2,3,3,3,2,3,3,2,3,3,2.666667,2.666667
1109,2,3,3,2,2,2,3,1,2,3,2,2
1110,2,3,4,3,3,3,3,2,3,3.5,3,2.666667
1111,2,3,3,3,3,2,3,1,3,3,2.666667,2.333333
1112,2,3,3,3,2,2,2,2,2,3,2.333333,2
1113,2,3,3,4,2,4,4,2,4,3,3.333333,3.333333
1114,2,3,3,3,3,2,2,2,2,3,2.666667,2
1115,2,3,2,3,3,3,3,3,3,2.5,3,3
1116,2,3,3,2,2,2,2,2,2,3,2,2
1117,2,3,4,2,2,2,3,2,2,3.5,2,2.333333
1118,2,4,4,4,3,4,4,2,3,4,3.666667,3
1119,2,3,3,2,3,3,2,2,2,3,2.666667,2
1120,2,4,4,3,3,3,4,4,4,4,3,4
1121,2,4,4,4,4,4,4,1,4,4,4,3
1122,2,3,3,4,3,3,3,4,3,3,3.333333,3.333333
1123,2,3,3,2,3,4,4,4,4,3,3,4
1124,2,3,2,4,4,4,4,4,4,2.5,4,4
1125,2,3,4,3,3,3,4,3,3,3.5,3,3.333333
1126,2,3,3,3,3,3,3,3,3,3,3,3
1127,2,3,2,3,3,3,3,2,3,2.5,3,2.666667
1128,2,2,3,2,1,2,2,3,2,2.5,1.666667,2.333333
1129,2,4,4,4,3,3,4,2,4,4,3.333333,3.333333
1130,2,3,2,4,2,3,4,2,3,2.5,3,3
1131,2,3,3,4,3,4,4,3,4,3,3.666667,3.666667
1132,2,3,2,2,2,3,2,2,2,2.5,2.333333,2
1133,2,3,3,3,2,3,3,2,3,3,2.666667,2.666667
1134,2,3,4,3,3,3,3,3,3,3.5,3,3
1135,2,3,3,4,4,3,3,3,4,3,3.666667,3.333333
1136,2,3,2,2,2,2,2,2,3,2.5,2,2.333333
1137,2,3,3,3,3,3,4,2,3,3,3,3
1138,2,4,4,3,4,3,4,3,4,4,3.333333,3.666667
1139,2,3,3,4,3,3,4,3,4,3,3.333333,3.666667
1140,2,4,4,4,4,4,4,3,4,4,4,3.666667
1141,2,3,3,2,2,2,1,1,2,3,2,1.333333
1142,2,4,4,4,3,3,3,3,4,4,3.333333,3.333333
1143,2,3,4,4,3,3,3,2,4,3.5,3.333333,3
1144,2,3,3,3,3,2,3,3,4,3,2.666667,3.333333
1145,1,3,2,4,3,3,2,3,3,2.5,3.333333,2.666667
1146,2,3,3,3,2,3,3,2,4,3,2.666667,3
1147,1,3,3,3,3,3,3,3,3,3,3,3
1148,2,3,2,2,2,2,2,2,2,2.5,2,2
1149,2,4,4,3,3,3,3,2,3,4,3,2.666667
1150,2,3,3,4,3,3,3,3,4,3,3.333333,3.333333
1151,2,4,4,3,3,3,3,3,3,4,3,3
1152,1,2,2,3,2,3,3,3,3,2,2.666667,3
1153,2,4,4,3,2,3,4,4,4,4,2.666667,4
1154,2,3,3,3,3,3,2,3,3,3,3,2.666667
1155,2,3,3,3,2,3,2,2,3,3,2.666667,2.333333
1156,1,3,3,3,2,3,3,3,2,3,2.666667,2.666667
1157,1,2,2,3,3,3,4,2,3,2,3,3
1158,1,3,4,4,4,4,3,4,3,3.5,4,3.333333
1159,1,3,3,4,2,3,3,3,4,3,3,3.333333
1160,1,3,2,3,3,4,3,3,3,2.5,3.333333,3
1161,1,3,3,4,4,4,4,4,4,3,4,4
1162,2,3,2,2,2,2,2,2,2,2.5,2,2
1163,2,3,3,3,3,3,3,2,3,3,3,2.666667
1164,1,2,2,3,2,3,3,1,3,2,2.666667,2.333333
1165,1,3,3,3,2,3,4,1,3,3,2.666667,2.666667
1166,1,2,2,2,1,1,1,1,1,2,1.333333,1
1167,1,3,2,3,3,4,4,4,4,2.5,3.333333,4
1168,1,3,3,3,2,4,3,3,3,3,3,3
1169,1,2,2,2,2,3,3,2,2,2,2.333333,2.333333
1170,1,2,2,3,3,3,3,2,3,2,3,2.666667
1171,1,4,4,4,4,4,4,4,4,4,4,4
1172,1,3,2,3,3,3,2,3,3,2.5,3,2.666667
1173,1,3,3,3,3,4,3,2,4,3,3.333333,3
1174,1,3,3,4,2,4,4,3,4,3,3.333333,3.666667
1175,1,4,4,4,2,4,3,3,3,4,3.333333,3
1176,1,3,3,3,2,4,4,2,4,3,3,3.333333
1177,1,4,4,3,3,2,3,2,3,4,2.666667,2.666667
1178,1,3,1,4,3,4,4,3,4,2,3.666667,3.666667
1179,1,3,1,4,3,3,4,4,4,2,3.333333,4
1180,1,4,4,2,3,3,3,3,4,4,2.666667,3.333333
1181,1,2,2,4,3,3,3,2,3,2,3.333333,2.666667
1182,1,2,2,3,3,3,3,2,3,2,3,2.666667
1183,1,3,3,3,3,3,4,4,4,3,3,4
1184,1,3,3,4,2,3,3,4,3,3,3,3.333333
1185,1,3,3,3,3,3,4,4,4,3,3,4
1186,1,4,4,4,2,3,3,3,3,4,3,3
1187,1,3,3,3,3,4,4,3,4,3,3.333333,3.666667
1188,1,3,3,3,3,3,4,3,4,3,3,3.666667
1189,1,3,2,2,2,2,3,3,2,2.5,2,2.666667
1190,1,3,3,3,3,3,3,3,3,3,3,3
1191,2,3,3,3,3,2,3,2,3,3,2.666667,2.666667
1192,2,3,3,2,4,3,3,2,3,3,3,2.666667
1193,2,3,2,3,2,3,3,3,3,2.5,2.666667,3
1194,2,3,4,3,3,2,2,2,2,3.5,2.666667,2
1195,2,3,3,3,3,3,3,3,3,3,3,3
1196,2,3,3,3,2,3,2,1,2,3,2.666667,1.666667
1197,2,4,4,4,4,4,4,3,4,4,4,3.666667
1198,2,4,4,3,2,3,3,1,2,4,2.666667,2
1199,2,3,3,2,3,2,3,2,4,3,2.333333,3
1200,2,3,3,3,3,3,2,2,2,3,3,2
1201,2,3,3,4,4,4,3,3,3,3,4,3
1202,2,4,4,4,4,4,4,2,4,4,4,3.333333
1203,2,3,2,3,2,3,3,2,3,2.5,2.666667,2.666667
1204,2,3,3,3,2,2,3,2,3,3,2.333333,2.666667
1205,2,3,3,3,2,3,3,3,3,3,2.666667,3
1206,2,3,3,4,3,4,4,3,4,3,3.666667,3.666667
1207,2,3,1,3,3,3,2,1,2,2,3,1.666667
1208,2,3,3,3,3,3,3,3,3,3,3,3
1209,2,2,1,3,2,2,2,2,2,1.5,2.333333,2
1210,2,3,2,2,2,2,2,1,3,2.5,2,2
1211,2,3,2,2,3,3,2,2,2,2.5,2.666667,2
1212,2,3,3,3,2,3,3,2,3,3,2.666667,2.666667
1213,1,2,3,2,3,3,2,3,3,2.5,2.666667,2.666667
1214,1,3,1,4,4,4,4,2,4,2,4,3.333333
1215,1,3,2,3,3,4,4,3,3,2.5,3.333333,3.333333
1216,1,3,3,4,4,3,3,2,3,3,3.666667,2.666667
1217,1,3,4,3,2,3,4,4,4,3.5,2.666667,4
1218,1,3,3,4,3,3,3,2,3,3,3.333333,2.666667
1219,1,2,2,3,3,3,3,2,3,2,3,2.666667
1220,1,3,2,4,2,4,4,3,3,2.5,3.333333,3.333333
1221,1,3,3,4,3,3,4,3,4,3,3.333333,3.666667
1222,1,3,4,4,3,3,3,2,3,3.5,3.333333,2.666667
1223,1,3,3,4,3,4,4,4,4,3,3.666667,4
1224,1,3,3,3,2,3,3,3,3,3,2.666667,3
1225,1,4,4,4,3,3,4,3,3,4,3.333333,3.333333
1226,1,3,3,3,2,3,3,3,3,3,2.666667,3
1227,1,4,2,4,3,3,3,2,3,3,3.333333,2.666667
1228,1,3,3,2,3,3,3,3,3,3,2.666667,3
1229,1,3,3,4,2,3,3,1,3,3,3,2.333333
1230,1,2,3,3,3,3,3,3,3,2.5,3,3
1231,1,3,2,3,3,4,4,3,4,2.5,3.333333,3.666667
1232,1,2,3,3,2,3,3,2,3,2.5,2.666667,2.666667
1233,1,3,2,3,2,3,3,2,2,2.5,2.666667,2.333333
1234,1,3,2,4,3,4,3,3,3,2.5,3.666667,3
1235,1,3,4,4,4,4,4,4,4,3.5,4,4
1236,1,3,3,2,1,3,3,1,2,3,2,2
1237,1,4,4,4,3,4,4,4,4,4,3.666667,4
1238,1,3,3,3,2,3,3,3,2,3,2.666667,2.666667
1239,2,3,3,3,2,3,3,2,2,3,2.666667,2.333333
1240,2,4,4,3,3,4,4,3,4,4,3.333333,3.666667
1241,2,3,3,3,3,3,3,2,3,3,3,2.666667
1242,2,4,3,4,3,3,3,3,3,3.5,3.333333,3
1243,2,3,2,3,3,3,4,2,3,2.5,3,3
1244,2,3,3,2,2,2,2,1,2,3,2,1.666667
1245,2,2,3,3,3,2,2,2,3,2.5,2.666667,2.333333
1246,2,3,3,3,3,3,3,3,3,3,3,3
1247,2,3,3,2,3,3,2,2,2,3,2.666667,2
1248,2,2,1,1,2,2,2,3,2,1.5,1.666667,2.333333
1249,2,4,2,4,4,4,3,2,3,3,4,2.666667
1250,2,4,4,4,3,4,4,3,3,4,3.666667,3.333333
1251,2,3,2,2,2,3,3,2,3,2.5,2.333333,2.666667
1252,2,2,2,3,3,3,3,2,3,2,3,2.666667
1253,2,4,4,4,2,4,4,3,4,4,3.333333,3.666667
1254,2,3,3,3,2,3,3,2,3,3,2.666667,2.666667
1255,2,2,1,3,3,3,3,2,3,1.5,3,2.666667
1256,2,4,3,3,3,3,3,3,3,3.5,3,3
1257,2,3,3,2,2,2,2,1,2,3,2,1.666667
1258,2,4,4,3,2,3,3,2,2,4,2.666667,2.333333
1259,2,4,4,4,3,4,3,2,4,4,3.666667,3
1260,2,3,4,3,2,3,3,2,3,3.5,2.666667,2.666667
1261,2,3,3,2,2,3,2,2,2,3,2.333333,2
1262,2,3,2,3,3,3,4,4,4,2.5,3,4
1263,2,3,3,3,3,3,4,2,3,3,3,3
1264,2,4,4,4,3,4,3,4,4,4,3.666667,3.666667
1265,2,3,3,4,3,4,4,3,4,3,3.666667,3.666667
1266,2,3,3,2,2,2,2,1,2,3,2,1.666667
1267,2,2,3,1,2,2,1,2,2,2.5,1.666667,1.666667
1268,2,4,4,3,3,3,3,2,3,4,3,2.666667
1269,1,2,2,3,2,3,3,3,3,2,2.666667,3
1270,1,4,4,4,4,4,4,4,4,4,4,4
1271,1,3,3,3,3,3,3,3,3,3,3,3
1272,1,3,2,3,3,2,3,2,3,2.5,2.666667,2.666667
1273,1,3,3,3,3,3,3,1,3,3,3,2.333333
1274,1,4,4,4,3,3,3,2,4,4,3.333333,3
1275,1,4,4,4,4,4,4,4,4,4,4,4
1276,1,3,3,3,3,3,4,3,4,3,3,3.666667
1277,1,3,3,3,3,3,2,3,3,3,3,2.666667
1278,1,2,3,3,2,3,3,3,3,2.5,2.666667,3
1279,1,4,4,4,4,4,4,4,4,4,4,4
1280,1,4,4,4,3,4,4,3,4,4,3.666667,3.666667
1281,1,4,3,4,3,3,4,3,4,3.5,3.333333,3.666667
1282,1,3,2,2,3,3,3,2,3,2.5,2.666667,2.666667
1283,1,2,4,3,2,3,3,4,3,3,2.666667,3.333333
1284,1,3,3,4,3,3,3,2,3,3,3.333333,2.666667
1285,1,3,2,3,3,3,3,3,3,2.5,3,3
1286,1,4,4,4,3,4,4,3,4,4,3.666667,3.666667
1287,1,3,4,3,3,3,3,2,2,3.5,3,2.333333
1288,1,3,3,4,4,4,4,2,3,3,4,3
1289,1,4,4,4,3,4,4,4,4,4,3.666667,4
1290,1,3,3,3,3,2,3,2,2,3,2.666667,2.333333
1291,1,3,1,3,2,2,2,2,2,2,2.333333,2
1292,1,3,2,3,2,3,3,2,3,2.5,2.666667,2.666667
1293,1,3,1,4,3,3,4,2,4,2,3.333333,3.333333
1294,2,3,3,4,3,4,3,2,4,3,3.666667,3
1295,2,3,3,4,3,3,4,3,4,3,3.333333,3.666667
1296,2,3,4,2,1,2,3,3,3,3.5,1.666667,3
1297,2,3,4,3,2,3,3,2,3,3.5,2.666667,2.666667
1298,2,3,3,2,2,2,2,2,2,3,2,2
1299,2,4,4,4,3,4,4,4,4,4,3.666667,4
1300,2,2,1,1,1,2,1,1,2,1.5,1.333333,1.333333
1301,2,3,2,3,3,3,3,2,3,2.5,3,2.666667
1302,2,3,2,3,3,3,3,2,3,2.5,3,2.666667
1303,2,3,3,4,2,3,4,2,3,3,3,3
1304,2,3,2,3,2,2,3,2,3,2.5,2.333333,2.666667
1305,2,3,3,4,4,3,4,3,4,3,3.666667,3.666667
1306,2,4,4,3,3,3,4,4,3,4,3,3.666667
1307,2,3,3,3,3,4,4,3,4,3,3.333333,3.666667
1308,2,3,1,3,2,2,3,1,2,2,2.333333,2
1309,2,3,3,3,3,4,3,2,3,3,3.333333,2.666667
1310,2,3,3,3,3,3,4,2,3,3,3,3
1311,2,3,2,3,2,3,3,2,3,2.5,2.666667,2.666667
1312,2,4,4,4,4,4,4,2,4,4,4,3.333333
1313,2,3,4,3,3,3,3,3,3,3.5,3,3
1314,2,3,3,3,3,3,3,3,3,3,3,3
1315,2,3,3,3,2,3,3,2,2,3,2.666667,2.333333
1316,2,3,3,3,3,4,4,4,4,3,3.333333,4
1317,2,4,4,3,3,4,3,4,4,4,3.333333,3.666667
1318,2,3,3,2,3,3,3,2,2,3,2.666667,2.333333
1319,2,3,3,2,2,3,3,2,2,3,2.333333,2.333333
1320,2,3,3,3,2,3,3,3,3,3,2.666667,3
1321,1,2,2,4,2,3,2,2,3,2,3,2.333333
1322,1,3,3,3,2,3,3,3,3,3,2.666667,3
1323,1,3,3,2,3,3,3,2,3,3,2.666667,2.666667
1324,1,3,3,2,3,3,3,2,2,3,2.666667,2.333333
1325,1,3,3,4,3,4,4,4,4,3,3.666667,4
1326,1,3,1,3,1,3,3,3,3,2,2.333333,3
1327,1,3,1,2,2,3,3,3,3,2,2.333333,3
1328,1,3,3,1,2,2,1,1,1,3,1.666667,1
1329,1,3,2,3,2,2,3,2,2,2.5,2.333333,2.333333
1330,1,3,4,3,3,4,4,4,4,3.5,3.333333,4
1331,1,3,2,3,2,3,3,2,3,2.5,2.666667,2.666667
1332,1,2,2,3,2,2,2,3,2,2,2.333333,2.333333
1333,1,3,3,3,2,3,3,2,3,3,2.666667,2.666667
1334,1,3,3,4,3,4,4,4,4,3,3.666667,4
1335,1,3,2,4,3,4,3,4,4,2.5,3.666667,3.666667
1336,1,2,1,4,2,3,3,2,3,1.5,3,2.666667
1337,1,4,4,4,4,4,3,3,4,4,4,3.333333
1338,1,3,3,3,3,3,3,3,3,3,3,3
1339,1,2,2,3,2,3,3,2,2,2,2.666667,2.333333
1340,1,3,2,3,3,3,3,4,4,2.5,3,3.666667
1341,1,2,3,3,3,3,3,2,3,2.5,3,2.666667
1342,1,3,2,3,2,2,4,4,4,2.5,2.333333,4
1343,1,3,2,3,3,3,4,4,4,2.5,3,4
1344,1,2,2,2,2,2,2,2,2,2,2,2
1345,1,2,3,2,2,3,3,2,3,2.5,2.333333,2.666667
1346,1,3,3,3,2,3,3,3,3,3,2.666667,3
1347,1,3,3,2,2,2,2,1,1,3,2,1.333333
1348,2,3,3,3,2,3,3,2,3,3,2.666667,2.666667
1349,1,2,3,3,2,3,3,3,3,2.5,2.666667,3
1350,1,3,3,3,3,3,3,3,3,3,3,3
1351,2,3,3,3,2,3,4,2,3,3,2.666667,3
1352,2,3,3,1,2,2,2,2,2,3,1.666667,2
1353,2,3,3,2,2,2,2,1,2,3,2,1.666667
1354,1,3,1,3,2,3,4,2,3,2,2.666667,3
1355,1,3,3,3,2,2,3,2,3,3,2.333333,2.666667
1356,1,3,4,4,3,4,4,2,4,3.5,3.666667,3.333333
1357,1,3,3,3,3,3,3,4,3,3,3,3.333333
1358,2,4,4,4,4,4,4,3,4,4,4,3.666667
1359,1,2,2,3,3,3,3,3,3,2,3,3
1360,1,3,2,3,3,3,3,3,2,2.5,3,2.666667
1361,1,3,3,3,3,3,3,3,3,3,3,3
1362,1,3,2,2,3,3,3,3,3,2.5,2.666667,3
1363,1,2,3,3,2,2,2,4,3,2.5,2.333333,3
1364,2,3,3,2,2,3,3,3,3,3,2.333333,3
1365,1,3,3,4,3,3,4,3,4,3,3.333333,3.666667
1366,2,3,3,3,2,2,4,4,4,3,2.333333,4
1367,2,3,3,2,2,2,2,2,2,3,2,2
1368,2,3,2,4,4,3,3,2,2,2.5,3.666667,2.333333
1369,2,3,4,2,3,2,2,1,2,3.5,2.333333,1.666667
1370,1,3,4,2,2,3,3,3,3,3.5,2.333333,3
1371,1,3,2,3,3,3,3,3,3,2.5,3,3
1372,2,4,4,3,2,2,3,3,4,4,2.333333,3.333333
1373,2,4,4,3,3,3,3,3,3,4,3,3
1374,2,3,3,3,3,4,4,4,4,3,3.333333,4
1375,1,3,2,3,2,3,3,3,3,2.5,2.666667,3
1376,2,3,4,4,2,3,4,2,3,3.5,3,3
1377,1,3,3,4,3,4,4,1,4,3,3.666667,3
1378,1,4,4,3,3,3,3,3,4,4,3,3.333333
1379,1,4,3,4,3,4,3,3,3,3.5,3.666667,3
1380,1,3,3,3,2,3,3,2,3,3,2.666667,2.666667
1381,1,2,3,4,3,4,3,3,3,2.5,3.666667,3
1382,1,2,2,3,3,2,3,3,3,2,2.666667,3
1383,2,3,4,2,2,2,2,1,2,3.5,2,1.666667
1384,1,4,3,3,3,3,4,3,4,3.5,3,3.666667
1385,2,3,2,3,2,3,3,2,3,2.5,2.666667,2.666667
1386,2,3,4,3,3,2,3,3,3,3.5,2.666667,3
1387,2,3,3,4,3,4,4,4,4,3,3.666667,4
1388,1,4,4,4,4,4,4,4,4,4,4,4
1389,2,3,1,2,2,2,2,1,1,2,2,1.333333
1390,2,4,4,3,3,3,2,2,3,4,3,2.333333
1391,2,3,3,4,3,3,3,4,3,3,3.333333,3.333333
1392,2,3,2,3,3,3,3,2,3,2.5,3,2.666667
1393,1,3,3,4,3,4,4,4,3,3,3.666667,3.666667
1394,1,4,4,4,4,4,4,4,4,4,4,4
1395,2,4,4,4,3,3,4,3,4,4,3.333333,3.666667
1396,1,3,3,3,4,3,4,3,4,3,3.333333,3.666667
1397,1,3,1,3,3,2,3,1,3,2,2.666667,2.333333
1398,1,4,2,3,2,3,4,2,3,3,2.666667,3
1399,1,3,3,3,3,3,4,4,4,3,3,4
1400,1,3,3,3,3,4,4,3,4,3,3.333333,3.666667
1401,2,2,2,2,2,2,2,2,2,2,2,2
1402,1,2,2,3,3,3,2,2,2,2,3,2
1403,2,3,3,3,3,3,3,2,3,3,3,2.666667
1404,2,3,3,3,2,2,3,2,3,3,2.333333,2.666667
1405,1,3,2,2,2,3,2,2,3,2.5,2.333333,2.333333
1406,2,4,4,4,3,3,3,3,3,4,3.333333,3
1407,2,2,2,2,2,3,2,2,2,2,2.333333,2
1408,1,3,3,3,3,3,3,2,3,3,3,2.666667
1409,1,3,3,3,3,3,3,3,3,3,3,3
1410,1,3,3,3,3,3,3,3,3,3,3,3
1411,2,3,3,3,3,3,3,3,3,3,3,3
1412,2,3,3,1,2,2,3,2,3,3,1.666667,2.666667
1413,2,2,3,1,1,2,2,2,2,2.5,1.333333,2
1414,2,3,3,3,3,3,3,3,2,3,3,2.666667
1415,2,3,3,2,2,4,2,1,2,3,2.666667,1.666667
1416,2,3,3,2,2,3,3,2,3,3,2.333333,2.666667
1417,2,3,3,3,3,3,4,2,4,3,3,3.333333
1418,2,2,1,3,3,2,2,3,2,1.5,2.666667,2.333333
1419,2,3,3,3,3,3,3,3,3,3,3,3
1420,1,3,3,3,2,3,3,2,3,3,2.666667,2.666667
1421,1,3,1,4,2,3,4,4,4,2,3,4
1422,1,3,3,3,3,2,3,2,2,3,2.666667,2.333333
1423,1,3,3,4,3,4,4,4,4,3,3.666667,4
1424,1,3,1,3,2,3,4,3,3,2,2.666667,3.333333
1425,1,2,2,2,2,2,3,2,2,2,2,2.333333
1426,1,3,4,3,3,4,3,1,3,3.5,3.333333,2.333333
1427,1,3,3,3,2,2,3,2,3,3,2.333333,2.666667
1428,1,3,3,3,3,3,3,3,3,3,3,3
1429,1,2,3,3,3,3,3,2,3,2.5,3,2.666667
1430,1,3,1,2,1,2,3,3,3,2,1.666667,3
1431,1,3,3,2,2,3,3,2,3,3,2.333333,2.666667
1432,1,3,3,3,2,2,3,2,3,3,2.333333,2.666667
1433,1,2,2,2,2,2,2,2,2,2,2,2
1434,1,2,1,2,2,2,3,2,3,1.5,2,2.666667
1435,1,3,2,1,3,3,3,2,2,2.5,2.333333,2.333333
1436,1,3,2,4,3,4,4,4,3,2.5,3.666667,3.666667
1437,2,2,2,2,2,2,2,2,2,2,2,2
1438,2,3,3,3,3,3,4,4,4,3,3,4
1439,1,4,4,4,4,4,4,4,4,4,4,4
1440,1,3,4,3,2,2,4,3,3,3.5,2.333333,3.333333
1441,1,3,3,3,3,3,3,2,3,3,3,2.666667
1442,1,3,3,2,2,3,3,3,3,3,2.333333,3
1443,2,3,3,3,3,3,3,2,3,3,3,2.666667
1444,1,3,3,3,3,3,3,2,3,3,3,2.666667
1445,1,4,2,3,2,3,3,2,3,3,2.666667,2.666667
1446,1,3,3,3,3,4,4,3,4,3,3.333333,3.666667
1447,1,3,3,3,2,2,3,3,3,3,2.333333,3
1448,2,3,3,3,3,3,3,3,3,3,3,3
1449,1,4,4,3,4,4,4,3,4,4,3.666667,3.666667
1450,2,3,3,3,2,3,3,3,3,3,2.666667,3
1451,2,3,2,4,3,3,3,2,3,2.5,3.333333,2.666667
1452,1,3,3,4,3,3,3,3,3,3,3.333333,3
1453,2,3,2,2,3,2,2,3,2,2.5,2.333333,2.333333
1454,2,3,3,4,3,4,3,2,2,3,3.666667,2.333333
1455,2,4,4,4,3,4,4,3,4,4,3.666667,3.666667
1456,2,3,4,3,3,3,3,2,3,3.5,3,2.666667
1457,1,2,1,2,2,3,3,3,3,1.5,2.333333,3
1458,2,2,3,2,2,2,2,2,2,2.5,2,2
1459,2,4,4,4,2,4,4,2,4,4,3.333333,3.333333
1460,2,4,4,4,4,4,4,2,4,4,4,3.333333
1461,2,2,3,2,2,3,3,1,3,2.5,2.333333,2.333333
1462,2,3,3,4,4,4,4,3,4,3,4,3.666667
1463,1,2,2,3,2,3,4,3,4,2,2.666667,3.666667
1464,1,2,3,2,2,3,4,2,3,2.5,2.333333,3
1465,1,3,2,2,3,3,3,3,3,2.5,2.666667,3
1466,1,3,3,4,2,3,4,2,4,3,3,3.333333
1467,1,3,3,4,3,4,3,3,3,3,3.666667,3
1468,1,3,2,3,3,2,2,2,2,2.5,2.666667,2
1469,1,3,3,4,4,4,4,4,4,3,4,4
1470,1,4,4,4,4,4,4,3,4,4,4,3.666667
1471,1,2,3,4,3,4,4,4,3,2.5,3.666667,3.666667
1472,1,3,3,4,3,3,3,3,3,3,3.333333,3
1473,1,3,3,3,3,3,4,4,4,3,3,4
1474,1,3,3,2,2,3,3,2,3,3,2.333333,2.666667
1475,1,4,4,4,3,4,4,4,4,4,3.666667,4
1476,2,3,4,2,2,2,3,3,3,3.5,2,3
1477,2,4,4,4,2,4,4,3,4,4,3.333333,3.666667
1478,2,3,3,3,2,3,3,3,3,3,2.666667,3
1479,2,3,2,1,1,1,2,1,1,2.5,1,1.333333
1480,2,3,3,2,3,3,3,3,3,3,2.666667,3
1481,2,3,3,3,3,3,3,2,3,3,3,2.666667
1482,2,4,4,2,3,3,3,2,3,4,2.666667,2.666667
1483,2,3,4,3,2,3,3,3,3,3.5,2.666667,3
1484,2,3,3,3,2,2,3,2,3,3,2.333333,2.666667
1485,2,4,3,4,2,4,4,3,4,3.5,3.333333,3.666667
1486,2,3,3,3,3,3,3,1,3,3,3,2.333333
1487,2,3,4,4,3,3,3,1,3,3.5,3.333333,2.333333
1488,2,3,3,2,1,3,3,3,3,3,2,3
1489,1,4,4,4,4,4,4,2,3,4,4,3
1490,1,2,2,3,3,4,3,3,3,2,3.333333,3
1491,2,2,2,2,3,3,2,2,2,2,2.666667,2
1492,2,3,4,2,2,2,2,1,2,3.5,2,1.666667
1493,1,2,3,2,2,3,3,3,3,2.5,2.333333,3
1494,1,2,2,4,2,3,2,3,3,2,3,2.666667
1495,2,3,3,3,2,3,3,3,3,3,2.666667,3
1496,2,3,2,1,2,2,2,2,2,2.5,1.666667,2
1497,1,3,2,3,3,3,3,3,3,2.5,3,3
1498,1,4,4,4,3,4,4,4,4,4,3.666667,4
1499,1,3,3,3,4,3,4,2,3,3,3.333333,3
1500,2,3,4,2,2,1,2,1,2,3.5,1.666667,1.666667
1501,2,3,3,2,2,2,3,1,3,3,2,2.333333
1502,1,2,3,3,2,2,3,2,2,2.5,2.333333,2.333333
1503,2,4,4,4,3,4,4,4,4,4,3.666667,4
1504,2,3,3,3,3,3,3,3,3,3,3,3
1505,1,3,2,3,3,4,4,4,3,2.5,3.333333,3.666667
1506,1,2,2,3,3,2,3,2,3,2,2.666667,2.666667
1507,2,3,2,2,3,3,3,2,3,2.5,2.666667,2.666667
1508,1,3,3,3,2,2,3,2,3,3,2.333333,2.666667
1509,1,3,3,3,3,3,3,3,3,3,3,3
1510,2,3,3,3,2,3,3,3,3,3,2.666667,3
1511,2,3,3,3,2,2,3,3,3,3,2.333333,3
1512,1,3,3,3,4,4,3,3,3,3,3.666667,3
1513,2,3,2,3,3,3,4,3,4,2.5,3,3.666667
1514,2,3,2,3,2,3,3,2,2,2.5,2.666667,2.333333
1515,2,2,2,1,1,2,1,1,1,2,1.333333,1
1516,2,3,3,2,3,2,1,1,1,3,2.333333,1
1517,2,2,2,2,2,2,2,1,1,2,2,1.333333
1518,2,2,2,3,2,3,4,3,4,2,2.666667,3.666667
1519,2,2,2,2,2,3,3,2,3,2,2.333333,2.666667
1520,2,3,3,4,3,3,3,2,3,3,3.333333,2.666667
1521,2,3,3,3,3,3,3,3,3,3,3,3
1522,2,3,2,2,2,2,2,2,2,2.5,2,2
1523,2,3,2,2,2,2,2,2,2,2.5,2,2
1524,2,3,4,2,2,3,2,2,3,3.5,2.333333,2.333333
1525,2,3,4,2,2,3,4,3,4,3.5,2.333333,3.666667
1526,2,3,3,3,3,3,3,2,3,3,3,2.666667
1527,2,3,3,3,3,3,3,2,3,3,3,2.666667
1528,2,3,1,3,2,3,3,4,3,2,2.666667,3.333333
1529,2,3,3,3,3,3,3,3,3,3,3,3
1530,2,3,3,2,2,3,3,2,3,3,2.333333,2.666667
1531,2,2,3,2,2,2,3,3,3,2.5,2,3
1532,2,3,4,3,2,2,3,2,2,3.5,2.333333,2.333333
1533,2,3,3,2,3,3,3,3,3,3,2.666667,3
1534,2,2,2,2,2,2,2,2,2,2,2,2
1535,2,4,4,4,4,4,4,4,4,4,4,4
1536,2,3,1,3,3,3,4,4,4,2,3,4
1537,2,4,4,3,3,3,3,2,3,4,3,2.666667
1538,1,3,3,4,4,4,4,4,4,3,4,4
1539,1,3,2,3,3,2,2,2,2,2.5,2.666667,2
1540,2,2,3,3,2,3,2,2,1,2.5,2.666667,1.666667
1541,2,3,3,3,3,4,3,2,2,3,3.333333,2.333333
1542,1,3,3,2,1,2,3,2,3,3,1.666667,2.666667
1543,2,3,3,3,3,3,2,1,2,3,3,1.666667
1544,1,3,3,4,3,4,4,3,4,3,3.666667,3.666667
1545,2,3,4,4,4,3,3,2,2,3.5,3.666667,2.333333
1546,2,3,3,3,3,3,4,4,4,3,3,4
1547,2,3,3,3,3,3,3,2,3,3,3,2.666667
1548,2,3,3,3,3,3,3,2,3,3,3,2.666667
1549,2,3,3,3,3,3,3,1,2,3,3,2
1550,2,4,4,3,3,4,4,4,4,4,3.333333,4
1551,2,4,4,4,3,3,3,1,4,4,3.333333,2.666667
1552,2,3,2,4,4,3,4,4,4,2.5,3.666667,4
1553,2,3,2,3,3,3,3,2,4,2.5,3,3
1554,1,3,3,1,1,2,3,2,2,3,1.333333,2.333333
1555,2,3,2,3,3,4,4,3,4,2.5,3.333333,3.666667
1556,2,3,3,4,4,4,4,4,4,3,4,4
1557,2,4,4,3,2,3,4,4,4,4,2.666667,4
1558,1,3,3,2,2,3,3,2,3,3,2.333333,2.666667
1559,1,2,2,3,3,3,3,3,3,2,3,3
1560,1,2,2,3,3,2,3,1,3,2,2.666667,2.333333
1561,2,3,4,3,2,2,3,2,3,3.5,2.333333,2.666667
1562,2,3,4,4,2,3,3,1,2,3.5,3,2
1563,1,3,2,3,3,3,3,3,3,2.5,3,3
1564,2,3,3,3,3,3,3,3,3,3,3,3
1565,1,3,2,3,2,3,3,2,2,2.5,2.666667,2.333333
1566,1,2,2,3,4,3,4,2,3,2,3.333333,3
1567,2,3,3,2,2,2,2,2,2,3,2,2
1568,2,3,3,3,3,3,3,3,3,3,3,3
1569,2,3,3,3,3,4,4,3,3,3,3.333333,3.333333
1570,2,4,4,3,3,3,3,3,4,4,3,3.333333
1571,1,4,4,3,3,4,4,4,4,4,3.333333,4
1572,1,3,2,2,2,2,2,2,2,2.5,2,2
1573,2,3,2,3,2,2,2,1,2,2.5,2.333333,1.666667
1574,1,2,2,3,2,3,3,2,2,2,2.666667,2.333333
1575,2,3,3,4,3,4,3,2,3,3,3.666667,2.666667
1576,2,3,3,3,3,2,3,2,3,3,2.666667,2.666667
1577,2,3,3,3,3,3,3,3,2,3,3,2.666667
1578,2,4,2,4,3,3,4,3,4,3,3.333333,3.666667
1579,1,3,4,3,3,4,3,3,2,3.5,3.333333,2.666667
1580,1,3,2,3,3,2,4,2,3,2.5,2.666667,3
1581,1,4,4,3,3,3,3,2,3,4,3,2.666667
1582,1,3,3,3,3,3,3,2,2,3,3,2.333333
1583,1,3,2,3,3,3,4,2,3,2.5,3,3
1584,1,4,4,3,3,3,3,4,3,4,3,3.333333
1585,2,2,2,1,1,3,2,2,2,2,1.666667,2
1586,2,3,3,2,3,2,3,1,2,3,2.333333,2
1587,1,3,4,2,2,2,3,2,3,3.5,2,2.666667
1588,1,3,3,4,3,4,4,4,4,3,3.666667,4
1589,1,3,3,4,3,3,3,3,3,3,3.333333,3
1590,1,3,2,3,3,3,3,2,3,2.5,3,2.666667
1591,1,3,2,2,3,3,2,2,2,2.5,2.666667,2
1592,2,3,2,3,3,3,2,2,2,2.5,3,2
1593,2,3,3,2,2,2,2,2,2,3,2,2
1594,2,4,4,4,3,2,3,1,3,4,3,2.333333
1595,2,3,2,4,3,4,3,4,4,2.5,3.666667,3.666667
1596,2,3,2,4,2,4,3,4,4,2.5,3.333333,3.666667
1597,2,3,3,3,3,3,3,3,3,3,3,3
1598,2,3,2,2,2,2,3,2,3,2.5,2,2.666667
1599,2,3,3,3,3,3,3,2,3,3,3,2.666667
1600,2,4,3,4,3,4,4,2,4,3.5,3.666667,3.333333
1601,2,3,3,3,3,3,3,2,3,3,3,2.666667
1602,2,4,4,4,2,3,4,4,4,4,3,4
1603,2,3,2,3,3,3,2,3,3,2.5,3,2.666667
1604,1,3,3,3,3,4,4,2,4,3,3.333333,3.333333
1605,2,3,2,3,3,4,4,3,3,2.5,3.333333,3.333333
1606,2,4,3,2,3,3,3,1,3,3.5,2.666667,2.333333
1607,1,4,4,4,4,4,3,4,4,4,4,3.666667
1608,1,3,2,3,2,3,3,3,3,2.5,2.666667,3
1609,1,3,3,3,3,4,4,4,4,3,3.333333,4
1610,1,4,4,4,3,3,3,2,4,4,3.333333,3
1611,1,2,2,1,1,2,2,2,2,2,1.333333,2
1612,1,3,4,4,3,3,4,3,4,3.5,3.333333,3.666667
1613,1,3,2,3,3,4,4,3,3,2.5,3.333333,3.333333
1614,2,3,3,2,2,3,4,2,3,3,2.333333,3
1615,2,2,2,1,2,2,2,1,1,2,1.666667,1.333333
1616,1,3,2,1,2,1,1,1,1,2.5,1.333333,1
1617,2,3,3,3,2,3,2,2,2,3,2.666667,2
1618,1,2,2,2,2,2,2,2,2,2,2,2
1619,1,4,3,4,2,3,4,2,4,3.5,3,3.333333
1620,2,4,4,2,3,4,4,3,4,4,3,3.666667
1621,1,3,3,4,4,4,4,3,4,3,4,3.666667
1622,1,3,4,3,3,2,3,2,2,3.5,2.666667,2.333333
1623,2,3,4,4,4,4,4,4,4,3.5,4,4
1624,1,4,4,4,3,4,4,3,4,4,3.666667,3.666667
1625,1,3,2,3,3,3,3,3,2,2.5,3,2.666667
1626,1,3,3,3,3,4,4,4,4,3,3.333333,4
1627,1,3,3,2,2,3,3,2,2,3,2.333333,2.333333
1628,2,3,3,3,3,3,3,3,3,3,3,3
1629,2,3,3,3,3,3,3,2,3,3,3,2.666667
1630,2,3,3,3,3,3,3,3,3,3,3,3
1631,2,3,3,4,3,2,3,4,3,3,3,3.333333
1632,1,3,3,4,4,4,4,3,3,3,4,3.333333
1633,2,3,3,3,3,4,4,4,4,3,3.333333,4
1634,2,3,3,3,3,4,4,3,4,3,3.333333,3.666667
1635,1,3,3,4,4,4,4,4,4,3,4,4
1636,2,3,2,3,3,3,3,2,3,2.5,3,2.666667
1637,2,3,3,2,2,2,2,3,2,3,2,2.333333
1638,2,3,3,3,3,3,3,2,3,3,3,2.666667
1639,2,3,3,4,3,3,3,3,3,3,3.333333,3
1640,2,3,3,3,3,3,4,3,4,3,3,3.666667
1641,2,3,2,1,2,2,2,1,2,2.5,1.666667,1.666667
1642,2,3,3,3,3,3,3,2,2,3,3,2.333333
1643,2,3,3,1,2,2,2,2,2,3,1.666667,2
1644,2,3,3,3,3,3,3,2,2,3,3,2.333333
1645,2,3,1,3,3,3,3,2,4,2,3,3
1646,2,3,2,3,2,3,3,3,2,2.5,2.666667,2.666667
1647,2,3,3,3,3,3,3,3,3,3,3,3
1648,2,4,3,4,3,3,4,3,4,3.5,3.333333,3.666667
1649,2,2,3,2,3,3,3,2,3,2.5,2.666667,2.666667
1650,2,3,3,3,3,3,3,1,3,3,3,2.333333
1651,2,3,3,4,3,3,4,2,4,3,3.333333,3.333333
1652,2,3,4,3,3,3,3,4,4,3.5,3,3.666667
1653,2,3,3,3,2,3,3,3,3,3,2.666667,3
1654,2,4,4,3,4,4,4,3,4,4,3.666667,3.666667
1655,2,3,3,3,2,3,4,4,4,3,2.666667,4
1656,2,3,3,2,2,3,3,2,3,3,2.333333,2.666667
1657,2,4,4,3,3,3,4,3,4,4,3,3.666667
1658,2,3,4,4,3,3,3,2,4,3.5,3.333333,3
1659,2,4,4,4,4,4,4,3,3,4,4,3.333333
1660,1,2,2,3,3,2,3,2,3,2,2.666667,2.666667
1661,1,3,2,3,2,3,3,3,3,2.5,2.666667,3
1662,1,3,3,2,2,2,2,2,2,3,2,2
1663,1,3,1,3,3,3,3,2,3,2,3,2.666667
1664,1,3,3,2,2,3,3,2,3,3,2.333333,2.666667
1665,1,3,3,3,3,3,4,3,4,3,3,3.666667
1666,1,3,3,2,1,2,2,2,2,3,1.666667,2
1667,1,4,4,4,3,4,4,4,3,4,3.666667,3.666667
1668,2,3,3,3,3,3,3,1,3,3,3,2.333333
1669,1,3,3,4,3,3,3,2,3,3,3.333333,2.666667
1670,1,3,3,3,3,3,3,2,3,3,3,2.666667
1671,1,2,3,3,2,3,3,3,3,2.5,2.666667,3
1672,1,3,3,3,3,3,3,2,3,3,3,2.666667
1673,1,3,2,3,2,3,3,3,3,2.5,2.666667,3
1674,1,3,4,3,2,3,2,3,3,3.5,2.666667,2.666667
1675,1,3,3,3,3,3,3,3,3,3,3,3
1676,1,3,2,3,2,2,2,4,3,2.5,2.333333,3
1677,1,2,3,3,3,3,3,3,4,2.5,3,3.333333
1678,1,3,3,4,4,4,3,4,4,3,4,3.666667
1679,1,3,3,3,3,3,3,2,3,3,3,2.666667
1680,1,2,3,4,2,3,4,2,3,2.5,3,3
1681,1,3,3,3,3,3,3,2,3,3,3,2.666667
1682,1,4,3,3,3,3,3,4,4,3.5,3,3.666667
1683,1,3,3,4,3,3,3,2,3,3,3.333333,2.666667
1684,1,3,4,2,2,3,2,3,2,3.5,2.333333,2.333333
1685,1,4,3,4,3,4,3,3,3,3.5,3.666667,3
1686,1,2,3,3,2,2,3,2,3,2.5,2.333333,2.666667
1687,1,3,2,3,2,4,3,2,2,2.5,3,2.333333
1688,1,1,1,2,2,2,3,2,2,1,2,2.333333
1689,1,3,2,3,4,4,4,4,4,2.5,3.666667,4
1690,1,3,3,3,2,3,3,2,3,3,2.666667,2.666667
1691,1,3,3,2,3,3,2,1,2,3,2.666667,1.666667
1692,1,3,3,3,2,2,3,2,2,3,2.333333,2.333333
1693,2,3,2,3,2,3,3,2,4,2.5,2.666667,3
1694,2,3,4,4,3,4,3,1,3,3.5,3.666667,2.333333
1695,2,3,3,3,2,3,4,3,4,3,2.666667,3.666667
1696,2,4,4,3,3,4,3,2,4,4,3.333333,3
1697,2,3,3,2,2,2,3,2,3,3,2,2.666667
1698,2,3,3,3,2,3,3,2,3,3,2.666667,2.666667
1699,2,3,3,2,3,3,3,2,3,3,2.666667,2.666667
1700,2,3,4,4,3,4,4,2,4,3.5,3.666667,3.333333
1701,2,3,3,3,3,3,3,3,3,3,3,3
1702,2,3,3,3,2,2,2,2,2,3,2.333333,2
1703,2,3,3,3,3,3,3,2,3,3,3,2.666667
1704,2,3,3,4,2,3,3,2,3,3,3,2.666667
1705,2,2,2,3,2,2,2,2,3,2,2.333333,2.333333
1706,2,3,3,2,2,2,3,3,3,3,2,3
1707,2,3,3,2,2,2,2,2,2,3,2,2
1708,2,3,4,2,2,2,3,3,2,3.5,2,2.666667
1709,2,3,2,3,2,3,4,4,3,2.5,2.666667,3.666667
1710,2,3,3,2,2,4,4,2,3,3,2.666667,3
1711,2,3,3,3,3,3,3,3,3,3,3,3
1712,2,3,3,3,3,3,4,4,3,3,3,3.666667
1713,2,3,2,2,2,3,2,2,2,2.5,2.333333,2
1714,2,3,2,3,2,3,3,3,3,2.5,2.666667,3
1715,2,3,3,3,3,3,3,3,3,3,3,3
1716,2,3,3,3,3,4,3,3,3,3,3.333333,3
1717,2,3,3,3,2,2,2,2,1,3,2.333333,1.666667
1718,2,3,3,3,2,3,2,2,3,3,2.666667,2.333333
1719,2,3,3,3,2,2,2,3,3,3,2.333333,2.666667
1720,2,4,3,3,2,2,3,3,2,3.5,2.333333,2.666667
1721,2,3,4,2,2,3,3,2,3,3.5,2.333333,2.666667
1722,1,1,2,2,3,2,2,2,2,1.5,2.333333,2
1723,1,3,3,4,3,4,4,4,4,3,3.666667,4
1724,1,3,3,4,4,4,4,4,4,3,4,4
1725,1,3,2,4,3,3,4,4,4,2.5,3.333333,4
1726,1,3,3,4,3,3,2,2,3,3,3.333333,2.333333
1727,1,3,3,2,3,3,3,2,3,3,2.666667,2.666667
1728,1,3,4,2,3,3,3,1,2,3.5,2.666667,2
1729,1,3,3,1,2,2,2,2,2,3,1.666667,2
1730,1,3,3,4,3,3,4,3,4,3,3.333333,3.666667
1731,1,2,3,3,2,3,2,2,2,2.5,2.666667,2
1732,1,2,2,3,3,2,3,2,2,2,2.666667,2.333333
1733,1,3,4,3,2,4,4,4,4,3.5,3,4
1734,1,2,2,3,3,3,3,2,3,2,3,2.666667
1735,1,2,2,2,2,2,2,3,2,2,2,2.333333
1736,1,3,3,3,2,2,3,3,2,3,2.333333,2.666667
1737,1,2,2,2,2,2,2,2,2,2,2,2
1738,1,3,2,3,3,3,3,3,3,2.5,3,3
1739,1,4,3,4,4,4,4,3,4,3.5,4,3.666667
1740,1,3,3,3,2,3,3,2,3,3,2.666667,2.666667
1741,1,3,3,3,3,3,3,3,3,3,3,3
1742,1,3,3,1,2,2,1,2,1,3,1.666667,1.333333
1743,1,3,2,4,4,4,3,2,4,2.5,4,3
1744,1,2,2,3,2,3,3,2,3,2,2.666667,2.666667
1745,1,3,3,4,3,3,3,1,2,3,3.333333,2
1746,1,4,4,3,4,3,3,3,3,4,3.333333,3
1747,1,3,4,3,3,3,4,4,3,3.5,3,3.666667
1748,1,3,2,3,3,3,3,3,3,2.5,3,3
1749,1,3,2,4,4,4,4,4,4,2.5,4,4
1750,1,3,2,2,2,2,2,2,2,2.5,2,2
1751,2,3,3,2,2,3,2,2,3,3,2.333333,2.333333
1752,2,3,4,3,3,3,3,3,3,3.5,3,3
1753,2,3,3,3,3,3,3,3,3,3,3,3
1754,2,3,3,3,2,3,3,3,3,3,2.666667,3
1755,2,3,2,2,2,2,3,2,3,2.5,2,2.666667
1756,2,2,2,2,2,3,2,2,2,2,2.333333,2
1757,2,4,4,3,3,3,4,4,4,4,3,4
1758,2,4,4,4,2,3,3,2,3,4,3,2.666667
1759,2,4,2,4,3,4,4,4,4,3,3.666667,4
1760,2,3,2,2,3,2,2,2,2,2.5,2.333333,2
1761,2,3,4,3,2,3,3,2,3,3.5,2.666667,2.666667
1762,2,3,3,3,3,3,3,2,3,3,3,2.666667
1763,1,2,2,3,2,3,2,3,3,2,2.666667,2.666667
1764,1,3,2,1,2,2,2,2,2,2.5,1.666667,2
1765,1,3,2,3,3,3,3,3,3,2.5,3,3
1766,1,3,3,3,3,3,3,3,3,3,3,3
1767,1,3,3,3,3,3,3,3,3,3,3,3
1768,1,4,4,4,3,4,4,3,4,4,3.666667,3.666667
1769,1,4,2,4,2,4,4,4,4,3,3.333333,4
1770,1,3,2,3,2,2,3,3,3,2.5,2.333333,3
1771,1,4,4,4,4,4,4,4,4,4,4,4
1772,1,4,4,3,2,3,2,3,3,4,2.666667,2.666667
1773,1,3,3,3,2,2,2,3,2,3,2.333333,2.333333
1774,1,3,2,4,3,3,4,3,3,2.5,3.333333,3.333333
1775,1,3,3,4,3,4,4,3,3,3,3.666667,3.333333
1776,1,2,3,2,2,2,2,2,2,2.5,2,2
1777,1,4,4,4,4,4,4,4,4,4,4,4
1778,1,3,3,4,3,3,4,3,4,3,3.333333,3.666667
1779,1,4,3,4,4,4,4,4,4,3.5,4,4
1780,1,3,1,3,3,3,3,3,3,2,3,3
1781,1,4,4,4,4,4,4,4,4,4,4,4
1782,1,3,4,2,2,3,2,2,3,3.5,2.333333,2.333333
1783,1,3,3,2,3,3,3,3,3,3,2.666667,3
1784,1,4,4,3,4,4,3,2,4,4,3.666667,3
1785,1,2,3,4,3,3,4,2,3,2.5,3.333333,3
1786,1,3,3,3,3,4,4,4,4,3,3.333333,4
1787,1,3,3,3,3,3,4,4,4,3,3,4
1788,1,3,3,2,2,2,2,3,3,3,2,2.666667
1789,1,3,4,4,4,4,4,2,4,3.5,4,3.333333
1790,1,3,3,3,3,3,3,3,3,3,3,3
1791,1,3,3,4,3,4,3,3,4,3,3.666667,3.333333
1792,1,2,2,3,2,3,3,2,3,2,2.666667,2.666667
1793,1,3,3,4,3,3,4,4,4,3,3.333333,4
1794,1,3,4,3,3,3,4,4,4,3.5,3,4
1795,1,3,4,2,2,3,2,1,2,3.5,2.333333,1.666667
1796,1,3,3,3,3,3,3,3,3,3,3,3
1797,1,3,2,3,3,3,2,2,2,2.5,3,2
1798,1,3,3,1,2,2,1,1,1,3,1.666667,1
1799,1,3,3,2,3,3,3,3,3,3,2.666667,3
1800,1,2,2,3,1,3,3,2,3,2,2.333333,2.666667
1801,1,3,3,3,4,3,3,2,2,3,3.333333,2.333333
1802,2,3,4,3,3,3,3,3,3,3.5,3,3
1803,2,2,2,3,3,3,4,4,4,2,3,4
1804,2,3,3,3,3,4,3,2,3,3,3.333333,2.666667
1805,1,2,3,2,2,3,4,3,4,2.5,2.333333,3.666667
1806,1,3,3,3,3,4,3,3,3,3,3.333333,3
1807,2,4,3,4,3,3,3,4,4,3.5,3.333333,3.666667
1808,1,3,2,3,3,3,3,4,3,2.5,3,3.333333
1809,1,3,1,3,2,3,3,3,3,2,2.666667,3
1810,2,2,2,3,3,3,2,2,3,2,3,2.333333
1811,2,3,4,4,3,4,4,4,4,3.5,3.666667,4
1812,2,4,4,2,4,4,4,3,4,4,3.333333,3.666667
1813,1,3,3,3,3,2,3,3,3,3,2.666667,3
1814,2,4,4,3,3,3,4,3,4,4,3,3.666667
1815,1,3,3,4,3,3,3,2,3,3,3.333333,2.666667
1816,1,3,4,3,3,4,4,3,4,3.5,3.333333,3.666667
1817,1,3,3,2,2,2,3,2,3,3,2,2.666667
1818,1,3,2,3,2,2,3,3,2,2.5,2.333333,2.666667
1819,2,3,2,2,2,3,2,1,2,2.5,2.333333,1.666667
1820,2,2,2,2,2,3,2,2,2,2,2.333333,2
1821,1,2,2,4,2,3,3,3,3,2,3,3
1822,1,4,4,4,4,4,4,4,4,4,4,4
1823,2,3,3,2,3,4,4,2,4,3,3,3.333333
1824,2,4,4,4,3,2,3,2,3,4,3,2.666667
1825,2,3,3,2,2,2,2,2,2,3,2,2
1826,2,3,4,3,3,3,4,3,4,3.5,3,3.666667
1827,2,2,2,2,2,2,2,2,2,2,2,2
1828,2,4,3,4,4,3,3,3,3,3.5,3.666667,3
1829,2,3,3,3,3,4,3,2,3,3,3.333333,2.666667
1830,2,3,4,2,2,2,3,2,2,3.5,2,2.333333
1831,2,4,4,4,3,4,3,1,3,4,3.666667,2.333333
1832,2,4,4,3,3,3,3,2,3,4,3,2.666667
1833,2,3,3,4,4,3,4,4,4,3,3.666667,4
1834,2,3,3,3,3,3,4,3,3,3,3,3.333333
1835,2,3,3,2,2,2,3,2,3,3,2,2.666667
1836,2,4,4,4,4,4,4,2,4,4,4,3.333333
1837,2,3,3,2,2,4,3,3,4,3,2.666667,3.333333
1838,2,3,3,3,3,3,3,2,3,3,3,2.666667
1839,2,3,3,2,3,2,2,1,3,3,2.333333,2
1840,2,2,3,3,2,3,2,4,3,2.5,2.666667,3
1841,2,3,3,2,2,2,2,2,2,3,2,2
1842,2,4,4,4,4,3,4,2,3,4,3.666667,3
1843,2,3,3,3,3,3,3,2,3,3,3,2.666667
1844,2,3,3,1,2,2,3,2,3,3,1.666667,2.666667
1845,2,2,2,3,2,3,3,1,3,2,2.666667,2.333333
1846,2,2,3,3,3,2,3,2,2,2.5,2.666667,2.333333
1847,2,3,3,2,2,2,3,2,3,3,2,2.666667
1848,2,3,4,4,2,4,4,4,4,3.5,3.333333,4
1849,2,3,3,3,2,2,2,1,2,3,2.333333,1.666667
1850,2,3,2,2,3,3,3,2,3,2.5,2.666667,2.666667
1851,2,4,4,3,4,4,4,4,4,4,3.666667,4
1852,2,3,3,3,2,3,3,1,3,3,2.666667,2.333333
1853,2,3,3,4,3,3,3,2,2,3,3.333333,2.333333
1854,2,2,2,2,2,2,3,2,3,2,2,2.666667
1855,2,4,4,4,3,4,4,4,4,4,3.666667,4
1856,2,3,3,4,3,3,3,3,3,3,3.333333,3
1857,2,4,4,3,3,3,4,3,4,4,3,3.666667
1858,2,2,1,4,3,3,3,3,4,1.5,3.333333,3.333333
1859,2,2,4,2,2,2,3,2,2,3,2,2.333333
1860,2,3,3,3,3,3,3,3,3,3,3,3
1861,2,3,4,4,4,4,4,3,4,3.5,4,3.666667
1862,2,3,4,3,3,2,3,2,3,3.5,2.666667,2.666667
1863,1,2,3,3,3,3,3,2,3,2.5,3,2.666667
1864,1,3,3,2,3,3,3,2,2,3,2.666667,2.333333
1865,1,3,2,4,4,4,3,4,4,2.5,4,3.666667
1866,1,3,3,1,1,2,3,1,2,3,1.333333,2
1867,1,3,3,3,3,3,2,2,3,3,3,2.333333
1868,1,3,3,2,2,2,3,2,3,3,2,2.666667
1869,1,2,2,2,2,3,2,2,3,2,2.333333,2.333333
1870,1,3,3,3,3,3,3,2,3,3,3,2.666667
1871,1,3,3,4,2,3,3,2,2,3,3,2.333333
1872,1,2,3,3,3,3,2,2,3,2.5,3,2.333333
1873,1,3,2,4,3,3,3,4,4,2.5,3.333333,3.666667
1874,1,4,4,3,2,4,4,4,4,4,3,4
1875,1,2,2,3,2,3,3,3,3,2,2.666667,3
1876,1,3,2,3,3,3,4,3,3,2.5,3,3.333333
1877,1,4,4,4,4,4,4,4,4,4,4,4
1878,1,3,3,3,3,3,3,3,3,3,3,3
1879,1,3,2,3,2,2,3,3,3,2.5,2.333333,3
1880,1,4,4,4,4,4,4,4,4,4,4,4
1881,1,3,3,3,3,3,3,3,3,3,3,3
1882,1,2,1,3,2,3,4,2,3,1.5,2.666667,3
1883,1,3,3,3,3,3,3,2,3,3,3,2.666667
1884,1,3,2,3,2,3,3,2,3,2.5,2.666667,2.666667
1885,2,4,2,3,3,3,3,3,4,3,3,3.333333
1886,2,3,2,2,3,3,3,2,3,2.5,2.666667,2.666667
1887,2,3,1,4,4,4,4,4,4,2,4,4
1888,2,3,3,2,2,2,3,2,3,3,2,2.666667
1889,2,3,4,3,3,3,3,2,3,3.5,3,2.666667
1890,2,4,4,4,3,4,4,4,4,4,3.666667,4
1891,2,3,3,2,2,2,3,2,3,3,2,2.666667
1892,2,4,4,2,2,2,3,1,2,4,2,2
1893,2,3,3,2,2,2,3,2,2,3,2,2.333333
1894,2,3,3,3,2,2,3,2,3,3,2.333333,2.666667
1895,2,4,4,4,2,4,4,4,4,4,3.333333,4
1896,2,3,3,1,3,3,3,2,3,3,2.333333,2.666667
1897,1,3,2,2,2,2,2,2,3,2.5,2,2.333333
1898,1,3,3,3,1,3,3,2,3,3,2.333333,2.666667
1899,1,2,2,2,2,1,2,2,2,2,1.666667,2
1900,1,3,3,3,2,3,3,2,3,3,2.666667,2.666667
1901,1,3,3,2,2,2,2,3,3,3,2,2.666667
1902,1,2,2,3,2,2,3,2,3,2,2.333333,2.666667
1903,1,4,3,4,2,3,4,4,4,3.5,3,4
1904,1,3,2,2,2,3,4,3,3,2.5,2.333333,3.333333
1905,1,2,2,3,3,3,4,2,3,2,3,3
1906,1,3,3,3,2,3,4,4,4,3,2.666667,4
1907,1,4,4,3,3,3,4,3,4,4,3,3.666667
1908,1,2,2,4,2,3,3,2,3,2,3,2.666667
1909,1,3,2,3,2,3,3,3,3,2.5,2.666667,3
1910,1,3,3,3,3,3,3,3,3,3,3,3
1911,1,3,4,3,4,3,4,2,3,3.5,3.333333,3
1912,1,2,2,3,2,3,3,2,3,2,2.666667,2.666667
1913,1,4,4,4,3,4,4,2,4,4,3.666667,3.333333
1914,1,3,3,3,3,3,3,2,3,3,3,2.666667
1915,1,3,3,3,4,4,4,2,3,3,3.666667,3
1916,1,3,3,3,2,3,3,3,3,3,2.666667,3
1917,1,3,4,4,3,2,4,3,4,3.5,3,3.666667
1918,1,3,3,4,4,4,4,4,4,3,4,4
1919,1,3,4,4,2,3,4,3,4,3.5,3,3.666667
1920,1,3,2,3,3,3,3,2,3,2.5,3,2.666667
1921,1,3,3,3,4,4,4,2,4,3,3.666667,3.333333
1922,1,2,2,3,2,2,3,2,3,2,2.333333,2.666667
1923,1,2,3,2,2,2,2,2,2,2.5,2,2
1924,1,4,4,4,3,3,4,4,4,4,3.333333,4
1925,1,3,1,4,3,4,4,4,4,2,3.666667,4
1926,1,4,4,4,4,4,4,3,3,4,4,3.333333
1927,1,4,4,4,2,4,4,4,4,4,3.333333,4
1928,1,3,2,2,3,2,3,2,2,2.5,2.333333,2.333333
1929,1,4,4,2,2,3,3,2,3,4,2.333333,2.666667
1930,1,2,3,3,2,3,3,3,3,2.5,2.666667,3
1931,1,3,3,3,2,2,3,3,3,3,2.333333,3
1932,1,4,4,4,3,4,4,4,4,4,3.666667,4
1933,1,4,4,3,3,3,4,4,4,4,3,4
1934,1,2,2,2,2,2,2,3,3,2,2,2.666667
1935,1,2,2,4,3,4,4,2,3,2,3.666667,3
1936,1,2,3,2,3,2,3,2,3,2.5,2.333333,2.666667
1937,1,2,2,3,3,3,3,2,3,2,3,2.666667
1938,1,2,2,3,3,3,3,2,3,2,3,2.666667
1939,1,3,2,3,3,4,4,4,4,2.5,3.333333,4
1940,1,2,2,3,2,3,2,2,2,2,2.666667,2
1941,1,3,2,3,2,2,3,3,3,2.5,2.333333,3
1942,1,2,2,2,3,3,3,2,2,2,2.666667,2.333333
1943,1,3,3,4,3,4,4,2,4,3,3.666667,3.333333
1944,1,3,3,4,3,3,3,2,3,3,3.333333,2.666667
1945,1,4,3,3,3,3,3,2,3,3.5,3,2.666667
1946,1,2,2,4,4,4,4,4,4,2,4,4
1947,1,3,2,2,2,2,3,2,3,2.5,2,2.666667
1948,1,4,4,4,3,4,4,4,4,4,3.666667,4
1949,1,3,3,3,3,3,3,1,3,3,3,2.333333
1950,1,3,2,4,3,3,3,4,4,2.5,3.333333,3.666667
1951,1,3,2,3,3,3,3,2,3,2.5,3,2.666667
1952,1,3,3,2,3,2,4,4,4,3,2.333333,4
1953,1,3,3,3,3,3,3,2,3,3,3,2.666667
1954,1,3,3,3,3,3,3,4,3,3,3,3.333333
1955,1,3,2,4,2,3,3,2,3,2.5,3,2.666667
1956,1,3,4,3,3,3,3,3,3,3.5,3,3
1957,1,3,3,3,3,3,3,3,3,3,3,3
1958,1,3,3,3,3,3,3,2,2,3,3,2.333333
1959,1,4,4,3,3,2,3,2,3,4,2.666667,2.666667
1960,1,3,2,3,3,4,4,4,4,2.5,3.333333,4
1961,1,4,4,3,3,4,4,4,4,4,3.333333,4
1962,1,4,4,4,4,4,4,3,4,4,4,3.666667
1963,1,3,3,3,3,3,3,2,3,3,3,2.666667
1964,1,3,4,4,2,4,4,4,3,3.5,3.333333,3.666667
1965,1,4,4,4,4,4,4,4,4,4,4,4
1966,1,3,1,2,2,3,4,3,4,2,2.333333,3.666667
1967,1,3,2,2,2,2,3,2,3,2.5,2,2.666667
1968,2,3,3,3,3,3,3,1,3,3,3,2.333333
1969,2,3,2,2,2,3,3,2,2,2.5,2.333333,2.333333
1970,2,2,2,3,4,4,3,2,3,2,3.666667,2.666667
1971,2,3,3,4,3,4,4,2,3,3,3.666667,3
1972,2,3,2,2,2,3,2,2,2,2.5,2.333333,2
1973,2,3,3,4,4,4,4,3,4,3,4,3.666667
1974,2,2,2,3,3,2,3,3,3,2,2.666667,3
1975,2,3,1,3,2,3,3,1,2,2,2.666667,2
1976,2,4,4,4,3,4,4,3,4,4,3.666667,3.666667
1977,2,3,4,2,2,3,3,2,3,3.5,2.333333,2.666667
1978,2,2,3,3,2,3,3,3,3,2.5,2.666667,3
1979,2,2,1,3,3,2,3,3,3,1.5,2.666667,3
1980,2,4,4,4,4,4,4,4,4,4,4,4
1981,2,3,3,3,2,2,2,3,3,3,2.333333,2.666667
1982,2,3,2,4,4,3,4,3,4,2.5,3.666667,3.666667
1983,2,3,3,4,4,4,4,3,4,3,4,3.666667
1984,2,3,4,4,3,3,4,3,4,3.5,3.333333,3.666667
1985,2,3,3,2,2,2,2,2,2,3,2,2
1986,2,3,3,3,3,4,3,3,4,3,3.333333,3.333333
1987,2,3,3,4,2,4,3,2,3,3,3.333333,2.666667
1988,2,4,3,4,3,4,4,2,3,3.5,3.666667,3
1989,2,3,3,3,3,4,2,2,2,3,3.333333,2
1990,2,3,3,3,2,2,3,2,3,3,2.333333,2.666667
1991,2,3,3,3,3,3,2,3,2,3,3,2.333333
1992,2,3,3,2,2,4,4,4,4,3,2.666667,4
1993,2,3,2,2,2,3,4,4,4,2.5,2.333333,4
1994,2,3,3,2,2,3,3,2,2,3,2.333333,2.333333
1995,2,3,2,4,3,3,4,3,4,2.5,3.333333,3.666667
1996,2,3,2,3,2,2,3,2,3,2.5,2.333333,2.666667
1997,2,3,4,4,2,3,3,3,3,3.5,3,3
1998,2,3,3,2,2,2,3,2,3,3,2,2.666667
1999,2,4,4,3,3,2,3,2,3,4,2.666667,2.666667
2000,2,3,3,3,2,3,3,3,3,3,2.666667,3
